event_year,publication_date,document_number,document_type,title,abstract,html_url,pdf_url,is_p3_candidate,candidate_type,matched_terms,country_target,country_target_coding_status,semiconductor_related_manual_status,severity,severity_coding_status,source_flag
2017,2017-01-04,2016-31969,Rule,Addition of Certain Entities to the Entity List,"The Bureau of Industry and Security (BIS) amends the Export Administration Regulations (EAR) by adding five entities to the Entity List. These five entities have been determined by the U.S. Government to be acting contrary to the national security or foreign policy interests of the United States. BIS is taking this action in conjunction with the designations made by the Office of Foreign Asset Controls, Department of the Treasury, under amended Executive Order 13694. This final rule lists these entities on the Entity List under the destination of Russia.",https://www.federalregister.gov/documents/2017/01/04/2016-31969/addition-of-certain-entities-to-the-entity-list,https://www.govinfo.gov/content/pkg/FR-2017-01-04/pdf/2016-31969.pdf,True,entity_list_requires_manual_semiconductor_coding,entity list,,not_coded,not_manually_coded,,not_coded,Federal_Register_BIS_agency_archive
2017,2017-01-10,2016-31833,Rule,Addition of Certain Persons and Revisions to Entries on the Entity List; and Removal of a Person From the Entity List,"This rule amends the Export Administration Regulations (EAR) by adding five persons to the Entity List. The five persons who are added to the Entity List have been determined by the U.S. Government to be acting contrary to the national security or foreign policy interests of the United States. These five persons will be listed on the Entity List under the destination of Turkey. This final rule also removes one entity from the Entity List under the destination of India as the result of a request for removal received by BIS and a review of information provided in the removal request in accordance with the procedure for requesting removal or modification of an Entity List entity. Finally, this rule is also revising five existing entries in the Entity List, under the destinations of Armenia, Greece, Pakistan, Russia and the United Kingdom (U.K.). Four of these entries are modified to reflect the removal from the Entity List of the entity located in India. The license requirement for the entry under the destination of Russia is being revised to conform with a general license issued by the Department of the Treasury's Office of Foreign Assets Control on December 20, 2016.",https://www.federalregister.gov/documents/2017/01/10/2016-31833/addition-of-certain-persons-and-revisions-to-entries-on-the-entity-list-and-removal-of-a-person-from,https://www.govinfo.gov/content/pkg/FR-2017-01-10/pdf/2016-31833.pdf,True,entity_list_requires_manual_semiconductor_coding,entity list,,not_coded,not_manually_coded,,not_coded,Federal_Register_BIS_agency_archive
2017,2017-02-24,2017-03664,Rule,Temporary General License: Extension of Validity,"On March 24, 2016, the Bureau of Industry and Security (BIS) published a final rule, Temporary General License. The March 24 final rule created a temporary general license that restored, for a specified time period, the licensing requirements and policies under the Export Administration Regulations (EAR) for exports, reexports, and transfers (in-country) as of March 7, 2016, to two entities (ZTE Corporation and ZTE Kangxun) that were added to the Entity List on March 8, 2016. At this time, the U.S. Government has decided to extend the temporary general license until March 29, 2017. In order to implement this decision, this final rule revises the temporary general license to remove the expiration date of February 27, 2017, and to substitute the date of March 29, 2017. This final rule makes no other changes to the EAR.",https://www.federalregister.gov/documents/2017/02/24/2017-03664/temporary-general-license-extension-of-validity,https://www.govinfo.gov/content/pkg/FR-2017-02-24/pdf/2017-03664.pdf,True,entity_list_requires_manual_semiconductor_coding,entity list,,not_coded,not_manually_coded,,not_coded,Federal_Register_BIS_agency_archive
2017,2017-03-29,2017-06227,Rule,Removal of Certain Persons From the Entity List; Addition of a Person to the Entity List; and EAR Conforming Change,"This rule amends the Export Administration Regulations (EAR) by removing two persons listed under the destination of China from the Entity List. The two removals are the result of a request for removal received by BIS pursuant to the section of the EAR used for requesting removal or modification of an Entity List entry and a review of information provided in the removal request in accordance with the procedure for requesting removal or modification of an Entity List entity. In light of the recent settlement of administrative and criminal enforcement actions against ZTE Corporation and ZTE Kangxun, the End-User Review Committee (ERC) has determined that these two persons being removed have performed their undertakings to the U.S. Government in a timely manner and have otherwise cooperated with the U.S. Government in resolving the matter which led to the two entities' listing. This final rule also adds one person to the Entity List. This person who is added to the Entity List has been determined by the U.S. Government to be acting contrary to the national security or foreign policy interests of the United States. This person will be listed on the Entity List under the destination of China. Lastly, this final rule makes a conforming change to the EAR as a result of the removal of these two persons from the Entity List.",https://www.federalregister.gov/documents/2017/03/29/2017-06227/removal-of-certain-persons-from-the-entity-list-addition-of-a-person-to-the-entity-list-and-ear,https://www.govinfo.gov/content/pkg/FR-2017-03-29/pdf/2017-06227.pdf,True,entity_list_requires_manual_semiconductor_coding,entity list,,not_coded,not_manually_coded,,not_coded,Federal_Register_BIS_agency_archive
2017,2017-03-29,2017-06228,Rule,Removal of Certain Persons From the Entity List,"This rule amends the Export Administration Regulations (EAR) by removing seven persons under ten entries from the Entity List. This rule removes four persons listed under the destination of Germany, one person listed under the destination of Hong Kong, one person listed under the destination of India, one person listed under the destination of Singapore, one person listed under the destination of Switzerland, and two persons under the destination of the United Arab Emirates from the Entity List. The three additional entries are being removed to account for two persons listed under more than one destination on the Entity List. All seven of the removals are the result of requests for removal received by BIS pursuant to the section of the EAR used for requesting removal or modification of an Entity List entity and a review of information provided in the removal requests in accordance with the procedure for requesting removal or modification of an Entity List entity.",https://www.federalregister.gov/documents/2017/03/29/2017-06228/removal-of-certain-persons-from-the-entity-list,https://www.govinfo.gov/content/pkg/FR-2017-03-29/pdf/2017-06228.pdf,True,entity_list_requires_manual_semiconductor_coding,entity list,,not_coded,not_manually_coded,,not_coded,Federal_Register_BIS_agency_archive
2017,2017-04-18,2017-07833,Rule,Revision to an Entry on the Entity List,"This rule amends the Export Administration Regulations (EAR) by revising one existing entry in the Entity List, under the destination of Russia. The license requirement for the entry is being revised to conform with a general license issued by the Department of the Treasury's Office of Foreign Assets Control on February 2, 2017.",https://www.federalregister.gov/documents/2017/04/18/2017-07833/revision-to-an-entry-on-the-entity-list,https://www.govinfo.gov/content/pkg/FR-2017-04-18/pdf/2017-07833.pdf,True,entity_list_requires_manual_semiconductor_coding,entity list,,not_coded,not_manually_coded,,not_coded,Federal_Register_BIS_agency_archive
2017,2017-05-26,2017-10804,Rule,Addition of Certain Persons and Revisions to Entries on the Entity List,"This rule amends the Export Administration Regulations (EAR) by adding sixteen persons to the Entity List. The sixteen persons who are added to the Entity List have been determined by the U.S. Government to be acting contrary to the national security or foreign policy interests of the United States. These sixteen persons will be listed on the Entity List under the destinations of Pakistan, Turkey and the United Arab Emirates. This final rule is also modifying two existing entries in the Entity List under the destinations of China and Hong Kong.",https://www.federalregister.gov/documents/2017/05/26/2017-10804/addition-of-certain-persons-and-revisions-to-entries-on-the-entity-list,https://www.govinfo.gov/content/pkg/FR-2017-05-26/pdf/2017-10804.pdf,True,entity_list_requires_manual_semiconductor_coding,entity list,,not_coded,not_manually_coded,,not_coded,Federal_Register_BIS_agency_archive
2017,2017-06-22,2017-13167,Rule,Russian Sanctions: Addition of Certain Entities to the Entity List,The Bureau of Industry and Security (BIS) amends the Export Administration Regulations (EAR) by adding ten entities to the Entity List. The ten entities that are added to the Entity List have been determined by the U.S. Government to be acting contrary to the national security or foreign policy interests of the United States. BIS is taking this action to ensure the efficacy of existing sanctions on the Russian Federation (Russia) for violating international law and fueling the conflict in eastern Ukraine. These entities will be listed on the Entity List under the destinations of the Crimea region of Ukraine and Russia.,https://www.federalregister.gov/documents/2017/06/22/2017-13167/russian-sanctions-addition-of-certain-entities-to-the-entity-list,https://www.govinfo.gov/content/pkg/FR-2017-06-22/pdf/2017-13167.pdf,True,entity_list_requires_manual_semiconductor_coding,entity list,,not_coded,not_manually_coded,,not_coded,Federal_Register_BIS_agency_archive
2017,2017-09-25,2017-20406,Rule,Removal of Certain Entities From the Entity List; and Revisions of Entries on the Entity List,"This rule amends the Export Administration Regulations (EAR) by removing three entities under four entries from the Entity List. This rule removes one entity listed under the destination of Australia, one entity listed under the destination of China, and one entity listed under the destinations of Iran and the United Arab Emirates from the Entity List. The one additional entry is being removed to account for one entity listed under more than one destination on the Entity List. All three of the removals are the result of requests for removal received by BIS pursuant to the section of the EAR used for requesting removal or modification of an Entity List entity and a review of information provided in the removal requests in accordance with the procedure for requesting removal or modification of an Entity List entity. Finally, this final rule modifies five existing entries on the Entity List consisting of five entries under Pakistan to provide additional or modified addresses and/or names for these persons.",https://www.federalregister.gov/documents/2017/09/25/2017-20406/removal-of-certain-entities-from-the-entity-list-and-revisions-of-entries-on-the-entity-list,https://www.govinfo.gov/content/pkg/FR-2017-09-25/pdf/2017-20406.pdf,True,entity_list_requires_manual_semiconductor_coding,entity list,,not_coded,not_manually_coded,,not_coded,Federal_Register_BIS_agency_archive
2017,2017-12-20,2017-27388,Rule,Addition of Certain Entities to the Entity List,This rule amends the Export Administration Regulations (EAR) by adding two entities to the Entity List. The two entities being added to the Entity List have been determined by the U.S. Government to be acting contrary to the national security or foreign policy interests of the United States. These two entities will be listed on the Entity List under the destination of Russia.,https://www.federalregister.gov/documents/2017/12/20/2017-27388/addition-of-certain-entities-to-the-entity-list,https://www.govinfo.gov/content/pkg/FR-2017-12-20/pdf/2017-27388.pdf,True,entity_list_requires_manual_semiconductor_coding,entity list,,not_coded,not_manually_coded,,not_coded,Federal_Register_BIS_agency_archive
2022,2022-02-14,2022-03029,Rule,Addition of Certain Entities to the Entity List,"This final rule amends the Export Administration Regulations (EAR) by adding seven entities under seven entries to the Entity List. These seven entities have been determined by the U.S. Government to be acting contrary to the foreign policy or national security interests of the United States and will be listed on the Entity List under the destinations of the People's Republic of China (China), Pakistan, and the United Arab Emirates (UAE). This final rule also modifies four existing entries on the Entity List under the destination of China.",https://www.federalregister.gov/documents/2022/02/14/2022-03029/addition-of-certain-entities-to-the-entity-list,https://www.govinfo.gov/content/pkg/FR-2022-02-14/pdf/2022-03029.pdf,True,entity_list_requires_manual_semiconductor_coding,entity list,,not_coded,not_manually_coded,,not_coded,Federal_Register_BIS_agency_archive
2022,2022-03-03,2022-04300,Rule,Implementation of Sanctions Against Russia Under the Export Administration Regulations (EAR),"In response to the Russian Federation's (Russia's) further invasion of Ukraine, with this final rule, the Department of Commerce is adding new Russia license requirements and licensing policies to the Export Administration Regulations (EAR) to protect U.S. national security and foreign policy interests. These new Russia measures: Impose new Commerce Control List (CCL)-based license requirements for Russia; add two new foreign ""direct product"" rules (FDP rules) specific to Russia and Russian `military end users;' specify a license review policy of denial applicable to all of the license requirements being added in this rule, with certain limited exceptions; significantly restrict the use of EAR license exceptions; expand the existing Russia `military end use' and `military end user' control scope to all items ""subject to the EAR"" other than food and medicine designated EAR99, or ECCN 5A992.c and 5D992.c unless for Russian ""government end users"" and Russian state-owned enterprises (SoEs); transfer forty-five Russian entities from the Military End-User (MEU) List to the Entity List with an expanded license requirement of all items subject to the EAR (including foreign-produced items subject to the Russia-MEU FDP rules); and add two new Russia entities and revise two Russia entities to the Entity List. Lastly, this rule imposes comprehensive export, reexport and transfer (in-country) restrictions for the so-called Donetsk People's Republic (DNR) and Luhansk People's Republics (LNR) regions of Ukraine (""Covered Regions of Ukraine"") and makes conforming revisions to export, reexport transfer (in-country) restrictions for Crimea Region of Ukraine provisions.",https://www.federalregister.gov/documents/2022/03/03/2022-04300/implementation-of-sanctions-against-russia-under-the-export-administration-regulations-ear,https://www.govinfo.gov/content/pkg/FR-2022-03-03/pdf/2022-04300.pdf,True,entity_list_requires_manual_semiconductor_coding,entity list,,not_coded,not_manually_coded,,not_coded,Federal_Register_BIS_agency_archive
2022,2022-03-08,2022-04819,Rule,Imposition of Sanctions Against Belarus Under the Export Administration Regulations (EAR),"In response to Belarus's substantial enabling of the Russian Federation's (Russia)'s further invasion of Ukraine, this rule is adding new license requirements and review policies for Belarus to the Export Administration Regulations (EAR) to render Belarus subject to the same sanctions that were imposed on Russia under the EAR effective February 24, 2022. These new sanctions impose new Commerce Control List (CCL)-based license requirements for Belarus; revise the two foreign ""direct product"" rules (FDP rules) that are specific to Russia and Russian `military end users' to make them also applicable to Belarus and Belarusian `military end users;' specify a license review policy of denial applicable to all of the license requirements on Belarus that are being added in this rule, with certain limited exceptions; significantly restrict the use of EAR license exceptions; expand the existing `military end use' and `military end user' control scope to include Belarus for all items ""subject to the EAR"" other than food and medicine designated EAR99; and add two new Belarusian entities to the Entity List as `military end users.' This rule also imposes a license requirement for nuclear nonproliferation items for exports and reexports to Belarus and removes Belarus from Country Group A:4 under the EAR. In addition, for Belarus and Russia, this rule amends the availability of License Exceptions AVS and ENC and includes clarifying guidance on the availability of CCD.",https://www.federalregister.gov/documents/2022/03/08/2022-04819/imposition-of-sanctions-against-belarus-under-the-export-administration-regulations-ear,https://www.govinfo.gov/content/pkg/FR-2022-03-08/pdf/2022-04819.pdf,True,entity_list_requires_manual_semiconductor_coding,entity list,,not_coded,not_manually_coded,,not_coded,Federal_Register_BIS_agency_archive
2022,2022-03-09,2022-04925,Rule,Further Imposition of Sanctions Against Russia With the Addition of Certain Entities to the Entity List,"In response to the Russian Federation's (Russia's) further invasion of Ukraine on February 24, 2022, the Department of Commerce is amending the Export Administration Regulations (EAR) by adding 91 new entities to the Entity List under the destinations of Belize, Estonia, Kazakhstan, Latvia, Malta, Russia, Singapore, Slovakia, Spain, and United Kingdom with this final rule. These 91 entities have been determined by the U.S. Government to be acting contrary to the foreign policy or national security interests of the United States.",https://www.federalregister.gov/documents/2022/03/09/2022-04925/further-imposition-of-sanctions-against-russia-with-the-addition-of-certain-entities-to-the-entity,https://www.govinfo.gov/content/pkg/FR-2022-03-09/pdf/2022-04925.pdf,True,entity_list_requires_manual_semiconductor_coding,entity list,,not_coded,not_manually_coded,,not_coded,Federal_Register_BIS_agency_archive
2022,2022-04-06,2022-07211,Notice,Request for Public Comments on Supply Chain Issues To Support the U.S.-EU Trade and Technology Council Secure Supply Chains Working Group,"The Bureau of Industry and Security (BIS) requests public comments regarding how to advance supply chain resilience and security in key sectors: Semiconductors; solar photovoltaics; \1\ critical minerals and materials including rare earth magnets,\2\ lithium-ion batteries,\3\ and material inputs to semiconductors; \4\ and pharmaceuticals \5\ to inform the work of the United States-European Union (EU) Trade and Technology Council (TTC) Secure Supply Chains Working Group. The Working Group is tasked with increasing transparency of supply and demand, mapping respective existing sectoral capabilities, exchanging information on policy measures and research and development priorities, and cooperating on strategies to promote supply chain resilience and diversification. ---------------------------------------------------------------------------",https://www.federalregister.gov/documents/2022/04/06/2022-07211/request-for-public-comments-on-supply-chain-issues-to-support-the-us-eu-trade-and-technology-council,https://www.govinfo.gov/content/pkg/FR-2022-04-06/pdf/2022-07211.pdf,True,direct_semiconductor_or_advanced_computing,semiconductor,,not_coded,not_manually_coded,,not_coded,Federal_Register_BIS_agency_archive
2022,2022-04-07,2022-07284,Rule,Additions of Entities to the Entity List,"In response to the Russian Federation's (Russia's) further invasion of Ukraine on February 24, 2022, the Department of Commerce is amending the Export Administration Regulations (EAR) by adding 120 entities under 120 entries to the Entity List. These 120 entities have been determined by the U.S. Government to be acting contrary to the national security interests or foreign policy of the United States and will be listed on the Entity List under the destinations of Belarus and Russia.",https://www.federalregister.gov/documents/2022/04/07/2022-07284/additions-of-entities-to-the-entity-list,https://www.govinfo.gov/content/pkg/FR-2022-04-07/pdf/2022-07284.pdf,True,entity_list_requires_manual_semiconductor_coding,entity list,,not_coded,not_manually_coded,,not_coded,Federal_Register_BIS_agency_archive
2022,2022-04-11,2022-07643,Rule,Addition of Certain Entities to the Entity List; Correction,"The Bureau of Industry and Security (BIS) publishes these amendments to correct three errors contained in the revisions to the Entity List that were published in a final rule on February 14, 2022. That final rule amended the Export Administration Regulations (EAR) by revising the Entity List entry for ""Huawei Cloud Brazil"" (under Brazil) and by adding a new entry for ""Huawei Technologies Co., Ltd."" (under China, People's Republic of). However, the references to the foreign direct product provisions in the EAR that apply to these two entities were incorrect. This rule amends the entries for the two entities to include the correct references to these EAR provisions and also corrects a typographical error in one of these entries.",https://www.federalregister.gov/documents/2022/04/11/2022-07643/addition-of-certain-entities-to-the-entity-list-correction,https://www.govinfo.gov/content/pkg/FR-2022-04-11/pdf/2022-07643.pdf,True,entity_list_requires_manual_semiconductor_coding,entity list,,not_coded,not_manually_coded,,not_coded,Federal_Register_BIS_agency_archive
2022,2022-06-06,2022-11885,Rule,"Export Administration Regulations: Revisions to Russia and Belarus Sanctions and Related Provisions; Other Revisions, Corrections, and Clarifications","Between February and May 2022, the Bureau of Industry and Security (BIS) has published a series of amendments to the Export Administration Regulations (EAR) that have increasingly tightened export controls on the Russian Federation (Russia) and Belarus in response to Russia's further invasion of Ukraine, as substantially enabled by Belarus. This rule revises, corrects, and clarifies certain provisions of the EAR that pertain to these controls and related provisions. First, this rule makes certain revisions to the EAR's military end use and military end user controls as they apply to Russia and Belarus, as well as related modifications to the entries for entities on the Entity List that are Russian and Belarusian military end users. Second, it revises restrictions that apply to items destined for certain regions in Ukraine by clarifying the categories of license applications that BIS subjects to case-by-case review. Third, this rule clarifies and corrects provisions of the EAR that pertain to luxury goods destined for Russia and Belarus and items for use in Russia's oil refinery sector. Fourth, it makes a technical correction to an EAR provision describing items and activities subject to the EAR by adding a cross-reference to the Foreign Direct Product Rules of the EAR, which were updated shortly before the Russia and Belarus export controls were imposed. Finally, with regard to export control enforcement, including enforcement of the Russia and Belarus controls, this rule revises the EAR to allow export enforcement case charging letters to be made available to the public prior to the final administrative disposition of such cases.",https://www.federalregister.gov/documents/2022/06/06/2022-11885/export-administration-regulations-revisions-to-russia-and-belarus-sanctions-and-related-provisions,https://www.govinfo.gov/content/pkg/FR-2022-06-06/pdf/2022-11885.pdf,True,entity_list_requires_manual_semiconductor_coding,entity list,,not_coded,not_manually_coded,,not_coded,Federal_Register_BIS_agency_archive
2022,2022-06-06,2022-12144,Rule,Additions of Entities to the Entity List,"In response to the Russian Federation's (Russia's) further invasion of Ukraine on February 24, 2022, the Department of Commerce is amending the Export Administration Regulations (EAR) by adding 71 entities under 71 entries to the Entity List. These entities have been determined by the U.S. Government to be acting contrary to the national security interests or foreign policy of the United States and will be listed on the Entity List under the destinations of Belarus and Russia.",https://www.federalregister.gov/documents/2022/06/06/2022-12144/additions-of-entities-to-the-entity-list,https://www.govinfo.gov/content/pkg/FR-2022-06-06/pdf/2022-12144.pdf,True,entity_list_requires_manual_semiconductor_coding,entity list,,not_coded,not_manually_coded,,not_coded,Federal_Register_BIS_agency_archive
2022,2022-06-30,2022-14069,Rule,"Addition of Entities, Revision and Correction of Entries, and Removal of Entities From the Entity List","In this rule, the Bureau of Industry and Security (BIS) amends the Export Administration Regulations (EAR) by adding 36 entities under 41 entries to the Entity List. These 36 entities have been determined by the U.S. Government to be acting contrary to the national security or foreign policy interests of the United States. These entities will be listed on the Entity List under the destinations of the People's Republic of China (China), Lithuania, Pakistan, the Russian Federation (Russia), Singapore, the United Arab Emirates (UAE), the United Kingdom, Uzbekistan, and Vietnam. Some entities are added under multiple entries, accounting for the difference in the total number of entities and entries in this rule. This rule also revises eleven existing entries under the destinations of Belarus, China, Russia, and Slovakia and corrects one existing entry on the Entity List under the destination of Pakistan. Lastly, this rule removes two entities and one address for a non-listed entity, consisting of one removal of an entity and one removal of an address under the destination of China, and one removal under the destination of Pakistan. The removals from the Entity List are made in connection with requests for removal that BIS received pursuant to the EAR and a review of the information provided in those requests.",https://www.federalregister.gov/documents/2022/06/30/2022-14069/addition-of-entities-revision-and-correction-of-entries-and-removal-of-entities-from-the-entity-list,https://www.govinfo.gov/content/pkg/FR-2022-06-30/pdf/2022-14069.pdf,True,entity_list_requires_manual_semiconductor_coding,entity list,,not_coded,not_manually_coded,,not_coded,Federal_Register_BIS_agency_archive
2022,2022-08-15,2022-17125,Rule,Implementation of Certain 2021 Wassenaar Arrangement Decisions on Four Section 1758 Technologies,"The Bureau of Industry and Security (BIS) maintains, as part of its Export Administration Regulations (EAR), the Commerce Control List (CCL), which identifies certain items subject to Department of Commerce (Commerce) jurisdiction. Commerce is revising the CCL, as well as corresponding parts of the EAR, to implement controls on four technologies. These changes reflect certain controls decided by governments participating in the Wassenaar Arrangement on Export Controls for Conventional Arms and Dual-Use Goods and Technologies (WA) at the December 2021 WA Plenary meeting. These four technologies meet the criteria of Section 1758 of the Export Control Reform Act (ECRA) pertaining to emerging and foundational technologies. Accordingly, BIS is accelerating their publication in this interim final rule and will publish the remaining WA-agreed controls in a later rule. These technologies are two substrates of ultra-wide bandgap semiconductors (Gallium Oxide (Ga<INF>2</INF>O<INF>3</INF>) and diamond), Electronic Computer Aided Design (ECAD) software specially designed for the development of integrated circuits with any Gate-All-Around Field-Effect Transistor (GAAFET) structure, and pressure gain combustion (PGC) technology for the production and development of gas turbine engine components or systems.",https://www.federalregister.gov/documents/2022/08/15/2022-17125/implementation-of-certain-2021-wassenaar-arrangement-decisions-on-four-section-1758-technologies,https://www.govinfo.gov/content/pkg/FR-2022-08-15/pdf/2022-17125.pdf,True,direct_semiconductor_or_advanced_computing,semiconductor; integrated circuit,,not_coded,not_manually_coded,,not_coded,Federal_Register_BIS_agency_archive
2022,2022-08-24,2022-18268,Rule,Additions of Entities to the Entity List,The Department of Commerce is amending the Export Administration Regulations (EAR) by adding seven entities under seven entries to the Entity List. These entities have been determined by the U.S. Government to be acting contrary to the national security or foreign policy interests of the United States and will be listed on the Entity List under the destination of the People's Republic of China (China). This final rule also corrects typographical errors in two existing entries on the Entity List.,https://www.federalregister.gov/documents/2022/08/24/2022-18268/additions-of-entities-to-the-entity-list,https://www.govinfo.gov/content/pkg/FR-2022-08-24/pdf/2022-18268.pdf,True,entity_list_requires_manual_semiconductor_coding,entity list,,not_coded,not_manually_coded,,not_coded,Federal_Register_BIS_agency_archive
2022,2022-09-09,2022-19415,Rule,Authorization of Certain “Items” to Entities on the Entity List in the Context of Specific Standards Activities,"In this interim final rule, the Bureau of Industry and Security (BIS) amends the Export Administration Regulations (EAR) to authorize the release of specified items subject to the EAR without a license when that release occurs in the context of a ""standards- related activity,"" as defined in this rule. BIS is revising the terms used in the EAR to describe the actions permissible under the authorization rather than defining the organizations to which it applies. The scope of the authorization is revised to include certain ""technology"" as well as ""software"" and applies to all entities listed on BIS's Entity List. The uncertainty of not knowing whether other entities listed on the Entity List are participants in standards organizations and whether a BIS license is required to release low- level technology for legitimate standards activities has caused U.S. companies to limit their participation in standards-related activities in areas that are critical to U.S. national security. This authorization only overcomes licensing requirements imposed as a result of an entity's inclusion on the Entity List; other EAR licensing requirements, including additional end-use or end-user based licensing requirements may continue to apply. This final rule does not change the assessment of whether ""technology"" or ""software"" is subject to the EAR. BIS is making these revisions to ensure that export controls and associated compliance concerns as they relate to the Entity List do not impede the leadership and participation of U.S. companies in national and international standards-related activities",https://www.federalregister.gov/documents/2022/09/09/2022-19415/authorization-of-certain-items-to-entities-on-the-entity-list-in-the-context-of-specific-standards,https://www.govinfo.gov/content/pkg/FR-2022-09-09/pdf/2022-19415.pdf,True,entity_list_requires_manual_semiconductor_coding,entity list,,not_coded,not_manually_coded,,not_coded,Federal_Register_BIS_agency_archive
2022,2022-09-16,2022-19910,Rule,Implementation of Additional Sanctions Against Russia and Belarus Under the Export Administration Regulations (EAR) and Refinements to Existing Controls,"In response to the Russian Federation's (Russia's) ongoing aggression against Ukraine, the Department of Commerce is expanding the existing sanctions against Russia and Belarus by imposing new export controls, including expanding the scope of the Russian industry sector sanctions to add lower-level items potentially useful for Russia's chemical and biological weapons production capabilities and items needed for advanced production and development capabilities to enable advanced manufacturing across a number of industries. This rule also adds Belarus to the scope of industry sector sanctions that currently apply solely to Russia. With respect to end users, this rule expands the `military end user' and `military-intelligence end user' controls and applies the Russian/Belarusian-Military End User Foreign Direct Product (FDP) rule to ten existing entries for six existing entities that have continued to supply Russian entities on the Entity List or are under sanction since Russia's further invasion of Ukraine. Labeling these six entities as Russian `military end users' and applying the Russia/Belarus-Military End User FDP rule to them will degrade Russia's war efforts in Ukraine, as these entities produce items needed by the Russian and Belarussian military and industrial sectors. Correspondingly, this rule clarifies requirements related to Burma, Cambodia, the People's Republic of China, and Venezuela). Finally, this rule refines existing controls on Russia and Belarus by adding additional dollar value exclusion thresholds for `luxury goods;' and makes twelve corrections and clarifications to existing controls on Russia and Belarus. The Department of Commerce is taking these actions to clarify and enhance the effectiveness of U.S. controls and to better align its controls on both Russia and Belarus with those implemented by U.S. allies.",https://www.federalregister.gov/documents/2022/09/16/2022-19910/implementation-of-additional-sanctions-against-russia-and-belarus-under-the-export-administration,https://www.govinfo.gov/content/pkg/FR-2022-09-16/pdf/2022-19910.pdf,True,entity_list_requires_manual_semiconductor_coding,entity list,,not_coded,not_manually_coded,,not_coded,Federal_Register_BIS_agency_archive
2022,2022-10-04,2022-21520,Rule,Additions of Entities to the Entity List,"In response to the Russian Federation's (Russia's) further invasion of Ukraine on February 24, 2022, the illegal and unjustifiable basis of which has been furthered by its illegal purported annexation of regions of Ukraine, the Department of Commerce is amending the Export Administration Regulations (EAR) by adding 57 entities under 57 entries to the Entity List. These entities have been determined by the U.S. Government to be acting contrary to the national security or foreign policy interests of the United States. Of these 57 entities, 56 will be listed on the Entity List under the destination of Russia and one will be listed under the destination of the Crimea Region of Ukraine.",https://www.federalregister.gov/documents/2022/10/04/2022-21520/additions-of-entities-to-the-entity-list,https://www.govinfo.gov/content/pkg/FR-2022-10-04/pdf/2022-21520.pdf,True,entity_list_requires_manual_semiconductor_coding,entity list,,not_coded,not_manually_coded,,not_coded,Federal_Register_BIS_agency_archive
2022,2022-10-13,2022-21658,Rule,Implementation of Additional Export Controls: Certain Advanced Computing and Semiconductor Manufacturing Items; Supercomputer and Semiconductor End Use; Entity List Modification,"In this rule, the Bureau of Industry and Security (BIS) is amending the Export Administration Regulations (EAR) to implement necessary controls on advanced computing integrated circuits (ICs), computer commodities that contain such ICs, and certain semiconductor manufacturing items. In addition, BIS is expanding controls on transactions involving items for supercomputer and semiconductor manufacturing end uses, for example, this rule expands the scope of foreign-produced items subject to license requirements for twenty-eight existing entities on the Entity List that are located in China. BIS is also informing the public that specific activities of ""U.S. persons"" that `support' the ""development"" or ""production"" of certain ICs in the PRC require a license. Lastly, to minimize short term impact on the semiconductor supply chain from this rule, BIS is establishing a Temporary General License to permit specific, limited manufacturing activities in China related to items destined for use outside China and is identifying a model certificate that may be used in compliance programs to assist, along with other measures, in conducting due diligence. `",https://www.federalregister.gov/documents/2022/10/13/2022-21658/implementation-of-additional-export-controls-certain-advanced-computing-and-semiconductor,https://www.govinfo.gov/content/pkg/FR-2022-10-13/pdf/2022-21658.pdf,True,direct_semiconductor_or_advanced_computing,semiconductor; advanced computing; supercomputer; integrated circuit,,not_coded,not_manually_coded,,not_coded,Federal_Register_BIS_agency_archive
2022,2022-10-13,2022-21714,Rule,Revisions to the Unverified List; Clarifications to Activities and Criteria That May Lead to Additions to the Entity List,"The Bureau of Industry and Security (BIS) is amending the Export Administration Regulations (EAR) by adding 31 persons to the Unverified List (UVL). The 31 persons are added to the UVL on the basis that BIS was unable to verify their bona fides because an end-use check could not be completed satisfactorily for reasons outside the U.S. Government's control. All 31 persons are being added under the destination of the People's Republic of China (China). This rule also removes nine persons, all under the destination of China, from the UVL because BIS was able to verify their bona fides. With this final rule, BIS also clarifies the activities and criteria that may lead to the addition of an entity to the Entity List, including a sustained lack of cooperation by the host government (e.g., the government of the country in which an end-use check is to be conducted) that effectively prevents BIS from determining compliance with the EAR.",https://www.federalregister.gov/documents/2022/10/13/2022-21714/revisions-to-the-unverified-list-clarifications-to-activities-and-criteria-that-may-lead-to,https://www.govinfo.gov/content/pkg/FR-2022-10-13/pdf/2022-21714.pdf,True,entity_list_requires_manual_semiconductor_coding,entity list,,not_coded,not_manually_coded,,not_coded,Federal_Register_BIS_agency_archive
2022,2022-10-13,2022-22037,Rule,Procedures for Access to the Public Briefing on Additional Export Controls on Certain Advanced Computing and Semiconductor Manufacturing Items,"On October 7, 2022, the Bureau of Industry and Security (BIS) placed on public display an interim final rule: ""Implementation of Additional Export Controls: Certain Advanced Computing and Semiconductor Manufacturing Items; Supercomputer and Semiconductor End Use; Entity List Modification."" On October 13, 2022, Under Secretary for Industry and Security Alan F. Estevez and Assistant Secretary for Export Administration Thea D. Rozman Kendler will conduct a public briefing on the rule and associated actions. This announcement provides details on the procedures for attending the public briefing.",https://www.federalregister.gov/documents/2022/10/13/2022-22037/procedures-for-access-to-the-public-briefing-on-additional-export-controls-on-certain-advanced,https://www.govinfo.gov/content/pkg/FR-2022-10-13/pdf/2022-22037.pdf,True,direct_semiconductor_or_advanced_computing,semiconductor; advanced computing; supercomputer,,not_coded,not_manually_coded,,not_coded,Federal_Register_BIS_agency_archive
2022,2022-11-25,2022-25700,Notice,Agency Information Collection Activities; Submission to the Office of Management and Budget (OMB) for Review and Approval; Comment Request; Entity List and Unverified List Requests,"The Department of Commerce, in accordance with the Paperwork Reduction Act of 1995 (PRA), invites the general public and other Federal agencies to comment on proposed, and continuing information collections, which helps us assess the impact of our information collection requirements and minimize the public's reporting burden. The purpose of this notice is to allow for 60 days of public comment preceding submission of the collection to OMB.",https://www.federalregister.gov/documents/2022/11/25/2022-25700/agency-information-collection-activities-submission-to-the-office-of-management-and-budget-omb-for,https://www.govinfo.gov/content/pkg/FR-2022-11-25/pdf/2022-25700.pdf,True,entity_list_requires_manual_semiconductor_coding,entity list,,not_coded,not_manually_coded,,not_coded,Federal_Register_BIS_agency_archive
2022,2022-12-07,2022-26662,Rule,Implementation of Additional Export Controls: Certain Advanced Computing and Semiconductor Manufacturing Items; Supercomputer and Semiconductor End Use; Entity List Modification,"On October 13, 2022, the Bureau of Industry and Security (BIS) published the interim final rule Implementation of Additional Export Controls: Certain Advanced Computing and Semiconductor Manufacturing Items; Supercomputer and Semiconductor End Use; Entity List Modification. This document extends the deadline for written comments to January 31, 2023. This extension is being made to allow for commenters to have additional time to review the interim final rule and to benefit from the significant amount of public outreach that BIS is conducting on the rule in preparing their comments.",https://www.federalregister.gov/documents/2022/12/07/2022-26662/implementation-of-additional-export-controls-certain-advanced-computing-and-semiconductor,https://www.govinfo.gov/content/pkg/FR-2022-12-07/pdf/2022-26662.pdf,True,direct_semiconductor_or_advanced_computing,semiconductor; advanced computing; supercomputer,,not_coded,not_manually_coded,,not_coded,Federal_Register_BIS_agency_archive
2022,2022-12-08,2022-26622,Rule,Additions of Entities to the Entity List; Removal of an Entity From the Entity List,"The Department of Commerce is amending the Export Administration Regulations (EAR) by adding twenty-four entities under twenty-six entries to the Entity List. These entities have been determined by the U.S. Government to be acting contrary to the national security or foreign policy interests of the United States and will be listed on the Entity List under the destinations of Latvia, Pakistan, Russia, Singapore, Switzerland, and the United Arab Emirates (U.A.E.). In addition, this final rule removes from the Entity List one entity listed in three entries under Oman, Saudi Arabia, and the U.A.E.",https://www.federalregister.gov/documents/2022/12/08/2022-26622/additions-of-entities-to-the-entity-list-removal-of-an-entity-from-the-entity-list,https://www.govinfo.gov/content/pkg/FR-2022-12-08/pdf/2022-26622.pdf,True,entity_list_requires_manual_semiconductor_coding,entity list,,not_coded,not_manually_coded,,not_coded,Federal_Register_BIS_agency_archive
2022,2022-12-16,2022-27149,Rule,Revisions to the Unverified List and the Entity List,"The Bureau of Industry and Security (BIS) is amending the Export Administration Regulations (EAR) by removing 9 persons from the Unverified List (UVL) and adding them to the Entity List, all under the destination of Russia. BIS has been unable to verify the bona fides of all 9 persons being removed from the UVL and added to the Entity List, due to the foreign government's prevention of timely end-use checks. BIS is also amending the EAR by removing 27 persons from the UVL, one under the destination of Pakistan and 26 under the destination of China, because BIS was able to verify their bona fides.",https://www.federalregister.gov/documents/2022/12/16/2022-27149/revisions-to-the-unverified-list-and-the-entity-list,https://www.govinfo.gov/content/pkg/FR-2022-12-16/pdf/2022-27149.pdf,True,entity_list_requires_manual_semiconductor_coding,entity list,,not_coded,not_manually_coded,,not_coded,Federal_Register_BIS_agency_archive
2022,2022-12-19,2022-27151,Rule,Additions and Revisions to the Entity List and Conforming Removal From the Unverified List,"The Department of Commerce is amending the Export Administration Regulations (EAR) by adding thirty-six entities to the Entity List. These entities have been determined by the U.S. Government to be acting contrary to the national security or foreign policy interests of the United States and will be listed on the Entity List under the destinations of the People's Republic of China (China) and Japan. This rule also revises three entries on the Entity List under the destination of China. Lastly, as a conforming change to the addition of one entity to the Entity List under the destination of China, this rule removes this entity from the Unverified List (UVL). The entity is being added to the Entity List for reasons not related to the prevention of an end-use check and is removed from the UVL for consistency with the existing policy of not listing an entity on more than one of these lists at the same time.",https://www.federalregister.gov/documents/2022/12/19/2022-27151/additions-and-revisions-to-the-entity-list-and-conforming-removal-from-the-unverified-list,https://www.govinfo.gov/content/pkg/FR-2022-12-19/pdf/2022-27151.pdf,True,entity_list_requires_manual_semiconductor_coding,entity list,,not_coded,not_manually_coded,,not_coded,Federal_Register_BIS_agency_archive
2022,2022-12-23,2022-28033,Rule,Modification to the Entity List,The Bureau of Industry and Security is amending the Export Administration Regulations (EAR) by modifying one entity on the Entity List. This final rule modifies one entity on the Entity List under the destination of Russia.,https://www.federalregister.gov/documents/2022/12/23/2022-28033/modification-to-the-entity-list,https://www.govinfo.gov/content/pkg/FR-2022-12-23/pdf/2022-28033.pdf,True,entity_list_requires_manual_semiconductor_coding,entity list,,not_coded,not_manually_coded,,not_coded,Federal_Register_BIS_agency_archive
