event_year,publication_date,document_number,title,country_mentioned,literal_context_count,first_context,legal_scope_review_status,p3_merge_ready
2017,2017-01-10,2016-31833,Addition of Certain Persons and Revisions to Entries on the Entity List; and Removal of a Person From the Entity List,India,23,ates. These five persons will be listed on the Entity List under the destination of Turkey. This final rule also removes one entity from the Entity List under the destination of India as the result of a request for removal received by BIS and a review of information provided in the removal request in accordance with the procedure for requesting removal or mo,pending_manual_review,False
2017,2017-03-29,2017-06228,Removal of Certain Persons From the Entity List,Germany,13,"ends the Export Administration Regulations (EAR) by removing seven persons under ten entries from the Entity List. This rule removes four persons listed under the destination of Germany, one person listed under the destination of Hong Kong, one person listed under the destination of India, one person listed under the destination of Singapore, one person listed",pending_manual_review,False
2017,2017-03-29,2017-06228,Removal of Certain Persons From the Entity List,India,21,"y List. This rule removes four persons listed under the destination of Germany, one person listed under the destination of Hong Kong, one person listed under the destination of India, one person listed under the destination of Singapore, one person listed under the destination of Switzerland, and two persons under the destination of the United Arab Emirates",pending_manual_review,False
2017,2017-03-29,2017-06228,Removal of Certain Persons From the Entity List,Singapore,7,"r the destination of Germany, one person listed under the destination of Hong Kong, one person listed under the destination of India, one person listed under the destination of Singapore, one person listed under the destination of Switzerland, and two persons under the destination of the United Arab Emirates from the Entity List. The three additional entries are",pending_manual_review,False
2022,2022-03-03,2022-04300,Implementation of Sanctions Against Russia Under the Export Administration Regulations (EAR),Germany,1,"...... Full.............. 87 FR [INSERT FR PAGE NUMBER], 3/3/ 2022. Germany......................... Full.............. 87 FR [INSERT FR PAGE NUMBER], 3/3/",pending_manual_review,False
2022,2022-03-03,2022-04300,Implementation of Sanctions Against Russia Under the Export Administration Regulations (EAR),Japan,2,"Federal Register document announcing the addition of such countries to the supplement. This final rule adds the twenty-seven countries of the European Union, Australia, Canada, Japan, New Zealand, and the United Kingdom, as the first countries in supplement No. 3 to part 746. The introductory text of the Russia Exclusions List specifies that exclusions may b",pending_manual_review,False
2022,2022-03-03,2022-04300,Implementation of Sanctions Against Russia Under the Export Administration Regulations (EAR),Netherlands,1,"...... Full.............. 87 FR [INSERT FR PAGE NUMBER], 3/3/ 2022. Netherlands..................... Full.............. 87 FR [INSERT FR PAGE NUMBER], 3/3/",pending_manual_review,False
2022,2022-03-09,2022-04925,Further Imposition of Sanctions Against Russia With the Addition of Certain Entities to the Entity List,Singapore,7,"amending the Export Administration Regulations (EAR) by adding 91 new entities to the Entity List under the destinations of Belize, Estonia, Kazakhstan, Latvia, Malta, Russia, Singapore, Slovakia, Spain, and United Kingdom with this final rule. These 91 entities have been determined by the U.S. Government to be acting contrary to the foreign policy or national",pending_manual_review,False
2022,2022-06-06,2022-11885,"Export Administration Regulations: Revisions to Russia and Belarus Sanctions and Related Provisions; Other Revisions, Corrections, and Clarifications",South Korea,1,"transfers (in-country) of certain items subject to the EAR: one rule effective March 4, 2022,\7\ and a second rule effective April 8, 2022.\8\ Taken together, these rules added South Korea, Iceland, Liechtenstein, Norway, and Switzerland to the list of countries set forth in supplement no. 3 to part 746 of the EAR that are excluded from such licensing requirement",pending_manual_review,False
2022,2022-06-30,2022-14069,"Addition of Entities, Revision and Correction of Entries, and Removal of Entities From the Entity List",Singapore,8,"States. These entities will be listed on the Entity List under the destinations of the People's Republic of China (China), Lithuania, Pakistan, the Russian Federation (Russia), Singapore, the United Arab Emirates (UAE), the United Kingdom, Uzbekistan, and Vietnam. Some entities are added under multiple entries, accounting for the difference in the total number o",pending_manual_review,False
2022,2022-06-30,2022-14069,"Addition of Entities, Revision and Correction of Entries, and Removal of Entities From the Entity List",Vietnam,9,"of the People's Republic of China (China), Lithuania, Pakistan, the Russian Federation (Russia), Singapore, the United Arab Emirates (UAE), the United Kingdom, Uzbekistan, and Vietnam. Some entities are added under multiple entries, accounting for the difference in the total number of entities and entries in this rule. This rule also revises eleven existing",pending_manual_review,False
2022,2022-09-09,2022-19415,Authorization of Certain “Items” to Entities on the Entity List in the Context of Specific Standards Activities,Germany,11,"rk''; 0 o. Under Egypt, ``Huawei OpenLab Cairo'' and ``Huawei Technology''; 0 p. Under France, ``Huawei Cloud France'', ``Huawei France'' and ``Huawei OpenLab Paris''; 0 q. Under Germany, ``Huawei Cloud Berlin'', ``Huawei OpenLab Munich'', ``Huawei Technologies Deutschland GmbH'' and ``Huawei Technologies Dusseldorf GmbH; 0 r. Under India, ``Huawei OpenLab Delhi",pending_manual_review,False
2022,2022-09-09,2022-19415,Authorization of Certain “Items” to Entities on the Entity List in the Context of Specific Standards Activities,India,8,"b Paris''; 0 q. Under Germany, ``Huawei Cloud Berlin'', ``Huawei OpenLab Munich'', ``Huawei Technologies Deutschland GmbH'' and ``Huawei Technologies Dusseldorf GmbH; 0 r. Under India, ``Huawei OpenLab Delhi'' and ``Huawei Technologies India Private Limited''; 0 s. Under Indonesia, ``Huawei Tech Investment, PT''; 0 t. Under Israel, ``Toga Networks''; 0 u. Unde",pending_manual_review,False
2022,2022-09-09,2022-19415,Authorization of Certain “Items” to Entities on the Entity List in the Context of Specific Standards Activities,Indonesia,3,"chnologies Deutschland GmbH'' and ``Huawei Technologies Dusseldorf GmbH; 0 r. Under India, ``Huawei OpenLab Delhi'' and ``Huawei Technologies India Private Limited''; 0 s. Under Indonesia, ``Huawei Tech Investment, PT''; 0 t. Under Israel, ``Toga Networks''; 0 u. Under Italy, ``Huawei Italia'', and ``Huawei Milan Research Institute''; 0 v. Under Jamaica, ``Huawei",pending_manual_review,False
2022,2022-09-09,2022-19415,Authorization of Certain “Items” to Entities on the Entity List in the Context of Specific Standards Activities,Japan,5,", ``Toga Networks''; 0 u. Under Italy, ``Huawei Italia'', and ``Huawei Milan Research Institute''; 0 v. Under Jamaica, ``Huawei Technologies Jamaica Company Limited''; 0 w. Under Japan, ``Huawei Technologies Japan K.K.''; 0 x. Under Jordan, ``Huawei Technologies Investment Co. Ltd.''; 0 y. Under Kazakhstan, ``Huawei Technologies LLC Kazakhstan''; 0 z. Under Leba",pending_manual_review,False
2022,2022-09-09,2022-19415,Authorization of Certain “Items” to Entities on the Entity List in the Context of Specific Standards Activities,Mexico,15,"zakhstan, ``Huawei Technologies LLC Kazakhstan''; 0 z. Under Lebanon, ``Huawei Technologies Lebanon''; 0 aa. Under Madagascar, ``Huawei Technologies Madagascar Sarl''; 0 bb. Under Mexico, ``Huawei Cloud Mexico'', ``Huawei OpenLab Mexico City'', and ``Huawei Technologies De Mexico S.A.''; 0 cc. Under Morocco, ``Huawei Technologies Morroco''; 0 dd. Under Netherland",pending_manual_review,False
2022,2022-09-09,2022-19415,Authorization of Certain “Items” to Entities on the Entity List in the Context of Specific Standards Activities,Netherlands,6,"der Mexico, ``Huawei Cloud Mexico'', ``Huawei OpenLab Mexico City'', and ``Huawei Technologies De Mexico S.A.''; 0 cc. Under Morocco, ``Huawei Technologies Morroco''; 0 dd. Under Netherlands, ``Huawei Cloud Netherlands'' and ``Huawei Technologies Co[ouml]peratief U.A.''; 0 ee. Under New Zealand, ``Huawei Technologies (New Zealand) Company Limited''; 0 ff. Under Oman",pending_manual_review,False
2022,2022-09-09,2022-19415,Authorization of Certain “Items” to Entities on the Entity List in the Context of Specific Standards Activities,Singapore,12,"ited''; 0 mm. Under Romania, ``Huawei Technologies Romania Co., Ltd.''; 0 nn. Under Russia, ``Huawei Cloud Russia'', ``Huawei OpenLab Moscow'', and ``Huawei Russia''; 0 oo. Under Singapore, ``Huawei Cloud Singapore'', ``Huawei International Pte. Ltd.'', and ``Huawei OpenLab Singapore''; 0 pp. Under South Africa, ``Huawei Cloud South Africa'', ``Huawei OpenLab Joha",pending_manual_review,False
2022,2022-09-09,2022-19415,Authorization of Certain “Items” to Entities on the Entity List in the Context of Specific Standards Activities,Thailand,9,"s. Under Switzerland, ``Huawei Cloud Switzerland'' and ``Huawei Technologies Switzerland AG''; 0 tt. Under Taiwan, ``Xunwei Technologies Co., Ltd.''; [[Page 55251]] 0 uu. Under Thailand, ``Huawei Cloud Thailand'', ``Huawei OpenLab Bangkok'', and ``Huawei Technologies (Thailand) Co.''; 0 vv. Under Turkey, ``Huawei OpenLab Istanbul''; 0 ww. Under United Arab Emira",pending_manual_review,False
2022,2022-09-09,2022-19415,Authorization of Certain “Items” to Entities on the Entity List in the Context of Specific Standards Activities,Vietnam,6,"d.'', ``Huawei Global Finance (UK) Limited'', ``Huawei Technologies R&D UK'', ``Huawei Technologies (UK) Co., Ltd.'', ``Proven Glory'', and ``Proven Honour''; and uu. Under Vietnam, ``Huawei Technologies (Vietnam) Company Limited'' and ``Huawei Technology Co. Ltd.''. The revisions read as follows: Supplement No. 4 to Part 744--Entity List This Sup",pending_manual_review,False
2022,2022-09-16,2022-19910,Implementation of Additional Sanctions Against Russia and Belarus Under the Export Administration Regulations (EAR) and Refinements to Existing Controls,Vietnam,7,"the Entity List This rule revises six entities under ten entries on the Entity List, under the destinations of China, Lithuania, Russia, the United Kingdom, Uzbekistan, and Vietnam: Connec Electronic Ltd. (added under China and the United Kingdom); King Pai Technology Co., Ltd. (added under China, Russia, and Vietnam); Sinno Electronics Co., Ltd. (added u",pending_manual_review,False
2022,2022-12-08,2022-26622,Additions of Entities to the Entity List; Removal of an Entity From the Entity List,Singapore,9,"ing contrary to the national security or foreign policy interests of the United States and will be listed on the Entity List under the destinations of Latvia, Pakistan, Russia, Singapore, Switzerland, and the United Arab Emirates (U.A.E.). In addition, this final rule removes from the Entity List one entity listed in three entries under Oman, Saudi Arabia, and t",pending_manual_review,False
2022,2022-12-19,2022-27151,Additions and Revisions to the Entity List and Conforming Removal From the Unverified List,Japan,10,"he national security or foreign policy interests of the United States and will be listed on the Entity List under the destinations of the People's Republic of China (China) and Japan. This rule also revises three entries on the Entity List under the destination of China. Lastly, as a conforming change to the addition of one entity to the Entity List under th",pending_manual_review,False
