year,country,iso3,china_inward_fdi_usd_millions,china_outward_fdi_usd_millions,source_artifacts,source_hashes,any_reported_fdi,source_flag,source_coverage_note
2017,Germany,DEU,86945.3359184435,92395.63109,data/raw/fdi/2017_inward.xlsx | data/raw/fdi/2017_outward.xlsx,2f01f6fa0b448eec9e01e926cfe1fe7aef99dfb137f3329178d10429b77c082b | 3887aeb2a63485737c2e09de88f279047ffc6d7abc0fe97360dffbf2978e2c35,True,IMF_CDIS_reporter_positions_by_immediate_counterpart,IMF CDIS supplied workbooks; end-year positions by immediate counterpart; 2017 and 2021 only; not semiconductor-specific; inward and outward reporting sides remain separate.
2017,India,IND,684.285759114508,398.358760654681,data/raw/fdi/2017_inward.xlsx | data/raw/fdi/2017_outward.xlsx,2f01f6fa0b448eec9e01e926cfe1fe7aef99dfb137f3329178d10429b77c082b | 3887aeb2a63485737c2e09de88f279047ffc6d7abc0fe97360dffbf2978e2c35,True,IMF_CDIS_reporter_positions_by_immediate_counterpart,IMF CDIS supplied workbooks; end-year positions by immediate counterpart; 2017 and 2021 only; not semiconductor-specific; inward and outward reporting sides remain separate.
2017,Indonesia,IDN,689.870693475452,,data/raw/fdi/2017_inward.xlsx | data/raw/fdi/2017_outward.xlsx,2f01f6fa0b448eec9e01e926cfe1fe7aef99dfb137f3329178d10429b77c082b | 3887aeb2a63485737c2e09de88f279047ffc6d7abc0fe97360dffbf2978e2c35,True,IMF_CDIS_reporter_positions_by_immediate_counterpart,IMF CDIS supplied workbooks; end-year positions by immediate counterpart; 2017 and 2021 only; not semiconductor-specific; inward and outward reporting sides remain separate.
2017,Japan,JPN,164764.937878537,117568.037571957,data/raw/fdi/2017_inward.xlsx | data/raw/fdi/2017_outward.xlsx,2f01f6fa0b448eec9e01e926cfe1fe7aef99dfb137f3329178d10429b77c082b | 3887aeb2a63485737c2e09de88f279047ffc6d7abc0fe97360dffbf2978e2c35,True,IMF_CDIS_reporter_positions_by_immediate_counterpart,IMF CDIS supplied workbooks; end-year positions by immediate counterpart; 2017 and 2021 only; not semiconductor-specific; inward and outward reporting sides remain separate.
2017,Malaysia,MYS,5716.42804876784,2201.52588564746,data/raw/fdi/2017_inward.xlsx | data/raw/fdi/2017_outward.xlsx,2f01f6fa0b448eec9e01e926cfe1fe7aef99dfb137f3329178d10429b77c082b | 3887aeb2a63485737c2e09de88f279047ffc6d7abc0fe97360dffbf2978e2c35,True,IMF_CDIS_reporter_positions_by_immediate_counterpart,IMF CDIS supplied workbooks; end-year positions by immediate counterpart; 2017 and 2021 only; not semiconductor-specific; inward and outward reporting sides remain separate.
2017,Mexico,MEX,91.108505,-66.867,data/raw/fdi/2017_inward.xlsx | data/raw/fdi/2017_outward.xlsx,2f01f6fa0b448eec9e01e926cfe1fe7aef99dfb137f3329178d10429b77c082b | 3887aeb2a63485737c2e09de88f279047ffc6d7abc0fe97360dffbf2978e2c35,True,IMF_CDIS_reporter_positions_by_immediate_counterpart,IMF CDIS supplied workbooks; end-year positions by immediate counterpart; 2017 and 2021 only; not semiconductor-specific; inward and outward reporting sides remain separate.
2017,Netherlands,NLD,,,data/raw/fdi/2017_inward.xlsx | data/raw/fdi/2017_outward.xlsx,2f01f6fa0b448eec9e01e926cfe1fe7aef99dfb137f3329178d10429b77c082b | 3887aeb2a63485737c2e09de88f279047ffc6d7abc0fe97360dffbf2978e2c35,False,IMF_CDIS_reporter_positions_by_immediate_counterpart,IMF CDIS supplied workbooks; end-year positions by immediate counterpart; 2017 and 2021 only; not semiconductor-specific; inward and outward reporting sides remain separate.
2017,Philippines,PHL,1733.04225827235,384.020267592092,data/raw/fdi/2017_inward.xlsx | data/raw/fdi/2017_outward.xlsx,2f01f6fa0b448eec9e01e926cfe1fe7aef99dfb137f3329178d10429b77c082b | 3887aeb2a63485737c2e09de88f279047ffc6d7abc0fe97360dffbf2978e2c35,True,IMF_CDIS_reporter_positions_by_immediate_counterpart,IMF CDIS supplied workbooks; end-year positions by immediate counterpart; 2017 and 2021 only; not semiconductor-specific; inward and outward reporting sides remain separate.
2017,Singapore,SGP,107635.794617976,,data/raw/fdi/2017_inward.xlsx | data/raw/fdi/2017_outward.xlsx,2f01f6fa0b448eec9e01e926cfe1fe7aef99dfb137f3329178d10429b77c082b | 3887aeb2a63485737c2e09de88f279047ffc6d7abc0fe97360dffbf2978e2c35,True,IMF_CDIS_reporter_positions_by_immediate_counterpart,IMF CDIS supplied workbooks; end-year positions by immediate counterpart; 2017 and 2021 only; not semiconductor-specific; inward and outward reporting sides remain separate.
2017,South Korea,KOR,,,data/raw/fdi/2017_inward.xlsx | data/raw/fdi/2017_outward.xlsx,2f01f6fa0b448eec9e01e926cfe1fe7aef99dfb137f3329178d10429b77c082b | 3887aeb2a63485737c2e09de88f279047ffc6d7abc0fe97360dffbf2978e2c35,False,IMF_CDIS_reporter_positions_by_immediate_counterpart,IMF CDIS supplied workbooks; end-year positions by immediate counterpart; 2017 and 2021 only; not semiconductor-specific; inward and outward reporting sides remain separate.
2017,Thailand,THA,4232.35878636482,3710.62106187243,data/raw/fdi/2017_inward.xlsx | data/raw/fdi/2017_outward.xlsx,2f01f6fa0b448eec9e01e926cfe1fe7aef99dfb137f3329178d10429b77c082b | 3887aeb2a63485737c2e09de88f279047ffc6d7abc0fe97360dffbf2978e2c35,True,IMF_CDIS_reporter_positions_by_immediate_counterpart,IMF CDIS supplied workbooks; end-year positions by immediate counterpart; 2017 and 2021 only; not semiconductor-specific; inward and outward reporting sides remain separate.
2017,Vietnam,VNM,6.413829,,data/raw/fdi/2017_inward.xlsx | data/raw/fdi/2017_outward.xlsx,2f01f6fa0b448eec9e01e926cfe1fe7aef99dfb137f3329178d10429b77c082b | 3887aeb2a63485737c2e09de88f279047ffc6d7abc0fe97360dffbf2978e2c35,True,IMF_CDIS_reporter_positions_by_immediate_counterpart,IMF CDIS supplied workbooks; end-year positions by immediate counterpart; 2017 and 2021 only; not semiconductor-specific; inward and outward reporting sides remain separate.
2021,Germany,DEU,97180.08801072,107666.0886,data/raw/fdi/2021_inward.xlsx | data/raw/fdi/2021_outward.xlsx,3b2fd6d4e501bdaf318117ddfd383f55da0f10f4defa700a6141cd0bfefe4437 | d5d48eff19e458ed0e84f7a527a647aa8032d33433dfadfa5d7cfa3e30faffd9,True,IMF_CDIS_reporter_positions_by_immediate_counterpart,IMF CDIS supplied workbooks; end-year positions by immediate counterpart; 2017 and 2021 only; not semiconductor-specific; inward and outward reporting sides remain separate.
2021,India,IND,621.68559539,343.595437569395,data/raw/fdi/2021_inward.xlsx | data/raw/fdi/2021_outward.xlsx,3b2fd6d4e501bdaf318117ddfd383f55da0f10f4defa700a6141cd0bfefe4437 | d5d48eff19e458ed0e84f7a527a647aa8032d33433dfadfa5d7cfa3e30faffd9,True,IMF_CDIS_reporter_positions_by_immediate_counterpart,IMF CDIS supplied workbooks; end-year positions by immediate counterpart; 2017 and 2021 only; not semiconductor-specific; inward and outward reporting sides remain separate.
2021,Indonesia,IDN,932.16950062,18539.2488233596,data/raw/fdi/2021_inward.xlsx | data/raw/fdi/2021_outward.xlsx,3b2fd6d4e501bdaf318117ddfd383f55da0f10f4defa700a6141cd0bfefe4437 | d5d48eff19e458ed0e84f7a527a647aa8032d33433dfadfa5d7cfa3e30faffd9,True,IMF_CDIS_reporter_positions_by_immediate_counterpart,IMF CDIS supplied workbooks; end-year positions by immediate counterpart; 2017 and 2021 only; not semiconductor-specific; inward and outward reporting sides remain separate.
2021,Japan,JPN,211807.7519945,143045.273469696,data/raw/fdi/2021_inward.xlsx | data/raw/fdi/2021_outward.xlsx,3b2fd6d4e501bdaf318117ddfd383f55da0f10f4defa700a6141cd0bfefe4437 | d5d48eff19e458ed0e84f7a527a647aa8032d33433dfadfa5d7cfa3e30faffd9,True,IMF_CDIS_reporter_positions_by_immediate_counterpart,IMF CDIS supplied workbooks; end-year positions by immediate counterpart; 2017 and 2021 only; not semiconductor-specific; inward and outward reporting sides remain separate.
2021,Malaysia,MYS,8141.46879698,3026.10179182471,data/raw/fdi/2021_inward.xlsx | data/raw/fdi/2021_outward.xlsx,3b2fd6d4e501bdaf318117ddfd383f55da0f10f4defa700a6141cd0bfefe4437 | d5d48eff19e458ed0e84f7a527a647aa8032d33433dfadfa5d7cfa3e30faffd9,True,IMF_CDIS_reporter_positions_by_immediate_counterpart,IMF CDIS supplied workbooks; end-year positions by immediate counterpart; 2017 and 2021 only; not semiconductor-specific; inward and outward reporting sides remain separate.
2021,Mexico,MEX,105.24145728,32.553,data/raw/fdi/2021_inward.xlsx | data/raw/fdi/2021_outward.xlsx,3b2fd6d4e501bdaf318117ddfd383f55da0f10f4defa700a6141cd0bfefe4437 | d5d48eff19e458ed0e84f7a527a647aa8032d33433dfadfa5d7cfa3e30faffd9,True,IMF_CDIS_reporter_positions_by_immediate_counterpart,IMF CDIS supplied workbooks; end-year positions by immediate counterpart; 2017 and 2021 only; not semiconductor-specific; inward and outward reporting sides remain separate.
2021,Netherlands,NLD,,,data/raw/fdi/2021_inward.xlsx | data/raw/fdi/2021_outward.xlsx,3b2fd6d4e501bdaf318117ddfd383f55da0f10f4defa700a6141cd0bfefe4437 | d5d48eff19e458ed0e84f7a527a647aa8032d33433dfadfa5d7cfa3e30faffd9,False,IMF_CDIS_reporter_positions_by_immediate_counterpart,IMF CDIS supplied workbooks; end-year positions by immediate counterpart; 2017 and 2021 only; not semiconductor-specific; inward and outward reporting sides remain separate.
2021,Philippines,PHL,1884.6505953,742.188334620081,data/raw/fdi/2021_inward.xlsx | data/raw/fdi/2021_outward.xlsx,3b2fd6d4e501bdaf318117ddfd383f55da0f10f4defa700a6141cd0bfefe4437 | d5d48eff19e458ed0e84f7a527a647aa8032d33433dfadfa5d7cfa3e30faffd9,True,IMF_CDIS_reporter_positions_by_immediate_counterpart,IMF CDIS supplied workbooks; end-year positions by immediate counterpart; 2017 and 2021 only; not semiconductor-specific; inward and outward reporting sides remain separate.
2021,Singapore,SGP,168906.94048728,,data/raw/fdi/2021_inward.xlsx | data/raw/fdi/2021_outward.xlsx,3b2fd6d4e501bdaf318117ddfd383f55da0f10f4defa700a6141cd0bfefe4437 | d5d48eff19e458ed0e84f7a527a647aa8032d33433dfadfa5d7cfa3e30faffd9,True,IMF_CDIS_reporter_positions_by_immediate_counterpart,IMF CDIS supplied workbooks; end-year positions by immediate counterpart; 2017 and 2021 only; not semiconductor-specific; inward and outward reporting sides remain separate.
2021,South Korea,KOR,,,data/raw/fdi/2021_inward.xlsx | data/raw/fdi/2021_outward.xlsx,3b2fd6d4e501bdaf318117ddfd383f55da0f10f4defa700a6141cd0bfefe4437 | d5d48eff19e458ed0e84f7a527a647aa8032d33433dfadfa5d7cfa3e30faffd9,False,IMF_CDIS_reporter_positions_by_immediate_counterpart,IMF CDIS supplied workbooks; end-year positions by immediate counterpart; 2017 and 2021 only; not semiconductor-specific; inward and outward reporting sides remain separate.
2021,Thailand,THA,4328.81349312,4432.65721851406,data/raw/fdi/2021_inward.xlsx | data/raw/fdi/2021_outward.xlsx,3b2fd6d4e501bdaf318117ddfd383f55da0f10f4defa700a6141cd0bfefe4437 | d5d48eff19e458ed0e84f7a527a647aa8032d33433dfadfa5d7cfa3e30faffd9,True,IMF_CDIS_reporter_positions_by_immediate_counterpart,IMF CDIS supplied workbooks; end-year positions by immediate counterpart; 2017 and 2021 only; not semiconductor-specific; inward and outward reporting sides remain separate.
2021,Vietnam,VNM,115.837076,,data/raw/fdi/2021_inward.xlsx | data/raw/fdi/2021_outward.xlsx,3b2fd6d4e501bdaf318117ddfd383f55da0f10f4defa700a6141cd0bfefe4437 | d5d48eff19e458ed0e84f7a527a647aa8032d33433dfadfa5d7cfa3e30faffd9,True,IMF_CDIS_reporter_positions_by_immediate_counterpart,IMF CDIS supplied workbooks; end-year positions by immediate counterpart; 2017 and 2021 only; not semiconductor-specific; inward and outward reporting sides remain separate.
