year,country,iso3,flow,value_usd_millions,source_file,source_artifact,source_sha256,source_flag,missing_or_nonreported,negative_value,extreme_over_10000_usd_millions,log1p_value_if_reported
2017,Malaysia,MYS,china_inward_fdi_usd_millions,5716.42804876784,2017_inward.xlsx,data/raw/fdi/2017_inward.xlsx,3887aeb2a63485737c2e09de88f279047ffc6d7abc0fe97360dffbf2978e2c35,IMF_CDIS_reporter_positions_by_immediate_counterpart,False,False,False,8.651274341430842
2017,Vietnam,VNM,china_inward_fdi_usd_millions,6.413829,2017_inward.xlsx,data/raw/fdi/2017_inward.xlsx,3887aeb2a63485737c2e09de88f279047ffc6d7abc0fe97360dffbf2978e2c35,IMF_CDIS_reporter_positions_by_immediate_counterpart,False,False,False,2.003347039989932
2017,Singapore,SGP,china_inward_fdi_usd_millions,107635.794617976,2017_inward.xlsx,data/raw/fdi/2017_inward.xlsx,3887aeb2a63485737c2e09de88f279047ffc6d7abc0fe97360dffbf2978e2c35,IMF_CDIS_reporter_positions_by_immediate_counterpart,False,False,True,11.586517825671843
2017,Thailand,THA,china_inward_fdi_usd_millions,4232.35878636482,2017_inward.xlsx,data/raw/fdi/2017_inward.xlsx,3887aeb2a63485737c2e09de88f279047ffc6d7abc0fe97360dffbf2978e2c35,IMF_CDIS_reporter_positions_by_immediate_counterpart,False,False,False,8.350750996287621
2017,India,IND,china_inward_fdi_usd_millions,684.285759114508,2017_inward.xlsx,data/raw/fdi/2017_inward.xlsx,3887aeb2a63485737c2e09de88f279047ffc6d7abc0fe97360dffbf2978e2c35,IMF_CDIS_reporter_positions_by_immediate_counterpart,False,False,False,6.5298359178629575
2017,Indonesia,IDN,china_inward_fdi_usd_millions,689.870693475452,2017_inward.xlsx,data/raw/fdi/2017_inward.xlsx,3887aeb2a63485737c2e09de88f279047ffc6d7abc0fe97360dffbf2978e2c35,IMF_CDIS_reporter_positions_by_immediate_counterpart,False,False,False,6.537952676698793
2017,Philippines,PHL,china_inward_fdi_usd_millions,1733.04225827235,2017_inward.xlsx,data/raw/fdi/2017_inward.xlsx,3887aeb2a63485737c2e09de88f279047ffc6d7abc0fe97360dffbf2978e2c35,IMF_CDIS_reporter_positions_by_immediate_counterpart,False,False,False,7.458210527442813
2017,Japan,JPN,china_inward_fdi_usd_millions,164764.937878537,2017_inward.xlsx,data/raw/fdi/2017_inward.xlsx,3887aeb2a63485737c2e09de88f279047ffc6d7abc0fe97360dffbf2978e2c35,IMF_CDIS_reporter_positions_by_immediate_counterpart,False,False,True,12.01228118746444
2017,South Korea,KOR,china_inward_fdi_usd_millions,,2017_inward.xlsx,data/raw/fdi/2017_inward.xlsx,3887aeb2a63485737c2e09de88f279047ffc6d7abc0fe97360dffbf2978e2c35,IMF_CDIS_reporter_positions_by_immediate_counterpart,True,False,False,
2017,Mexico,MEX,china_inward_fdi_usd_millions,91.108505,2017_inward.xlsx,data/raw/fdi/2017_inward.xlsx,3887aeb2a63485737c2e09de88f279047ffc6d7abc0fe97360dffbf2978e2c35,IMF_CDIS_reporter_positions_by_immediate_counterpart,False,False,False,4.522967284274571
2017,Germany,DEU,china_inward_fdi_usd_millions,86945.3359184435,2017_inward.xlsx,data/raw/fdi/2017_inward.xlsx,3887aeb2a63485737c2e09de88f279047ffc6d7abc0fe97360dffbf2978e2c35,IMF_CDIS_reporter_positions_by_immediate_counterpart,False,False,True,11.373046378796102
2017,Netherlands,NLD,china_inward_fdi_usd_millions,,2017_inward.xlsx,data/raw/fdi/2017_inward.xlsx,3887aeb2a63485737c2e09de88f279047ffc6d7abc0fe97360dffbf2978e2c35,IMF_CDIS_reporter_positions_by_immediate_counterpart,True,False,False,
2017,Malaysia,MYS,china_outward_fdi_usd_millions,2201.52588564746,2017_outward.xlsx,data/raw/fdi/2017_outward.xlsx,2f01f6fa0b448eec9e01e926cfe1fe7aef99dfb137f3329178d10429b77c082b,IMF_CDIS_reporter_positions_by_immediate_counterpart,False,False,False,7.697360110589153
2017,Vietnam,VNM,china_outward_fdi_usd_millions,,2017_outward.xlsx,data/raw/fdi/2017_outward.xlsx,2f01f6fa0b448eec9e01e926cfe1fe7aef99dfb137f3329178d10429b77c082b,IMF_CDIS_reporter_positions_by_immediate_counterpart,True,False,False,
2017,Singapore,SGP,china_outward_fdi_usd_millions,,2017_outward.xlsx,data/raw/fdi/2017_outward.xlsx,2f01f6fa0b448eec9e01e926cfe1fe7aef99dfb137f3329178d10429b77c082b,IMF_CDIS_reporter_positions_by_immediate_counterpart,True,False,False,
2017,Thailand,THA,china_outward_fdi_usd_millions,3710.62106187243,2017_outward.xlsx,data/raw/fdi/2017_outward.xlsx,2f01f6fa0b448eec9e01e926cfe1fe7aef99dfb137f3329178d10429b77c082b,IMF_CDIS_reporter_positions_by_immediate_counterpart,False,False,False,8.219224004070217
2017,India,IND,china_outward_fdi_usd_millions,398.358760654681,2017_outward.xlsx,data/raw/fdi/2017_outward.xlsx,2f01f6fa0b448eec9e01e926cfe1fe7aef99dfb137f3329178d10429b77c082b,IMF_CDIS_reporter_positions_by_immediate_counterpart,False,False,False,5.989860162407569
2017,Indonesia,IDN,china_outward_fdi_usd_millions,,2017_outward.xlsx,data/raw/fdi/2017_outward.xlsx,2f01f6fa0b448eec9e01e926cfe1fe7aef99dfb137f3329178d10429b77c082b,IMF_CDIS_reporter_positions_by_immediate_counterpart,True,False,False,
2017,Philippines,PHL,china_outward_fdi_usd_millions,384.020267592092,2017_outward.xlsx,data/raw/fdi/2017_outward.xlsx,2f01f6fa0b448eec9e01e926cfe1fe7aef99dfb137f3329178d10429b77c082b,IMF_CDIS_reporter_positions_by_immediate_counterpart,False,False,False,5.953295975998528
2017,Japan,JPN,china_outward_fdi_usd_millions,117568.037571957,2017_outward.xlsx,data/raw/fdi/2017_outward.xlsx,2f01f6fa0b448eec9e01e926cfe1fe7aef99dfb137f3329178d10429b77c082b,IMF_CDIS_reporter_positions_by_immediate_counterpart,False,False,True,11.674780993828085
2017,South Korea,KOR,china_outward_fdi_usd_millions,,2017_outward.xlsx,data/raw/fdi/2017_outward.xlsx,2f01f6fa0b448eec9e01e926cfe1fe7aef99dfb137f3329178d10429b77c082b,IMF_CDIS_reporter_positions_by_immediate_counterpart,True,False,False,
2017,Mexico,MEX,china_outward_fdi_usd_millions,-66.867,2017_outward.xlsx,data/raw/fdi/2017_outward.xlsx,2f01f6fa0b448eec9e01e926cfe1fe7aef99dfb137f3329178d10429b77c082b,IMF_CDIS_reporter_positions_by_immediate_counterpart,False,True,False,0.0
2017,Germany,DEU,china_outward_fdi_usd_millions,92395.63109,2017_outward.xlsx,data/raw/fdi/2017_outward.xlsx,2f01f6fa0b448eec9e01e926cfe1fe7aef99dfb137f3329178d10429b77c082b,IMF_CDIS_reporter_positions_by_immediate_counterpart,False,False,True,11.433845796900156
2017,Netherlands,NLD,china_outward_fdi_usd_millions,,2017_outward.xlsx,data/raw/fdi/2017_outward.xlsx,2f01f6fa0b448eec9e01e926cfe1fe7aef99dfb137f3329178d10429b77c082b,IMF_CDIS_reporter_positions_by_immediate_counterpart,True,False,False,
2021,Malaysia,MYS,china_inward_fdi_usd_millions,8141.46879698,2021_inward.xlsx,data/raw/fdi/2021_inward.xlsx,3b2fd6d4e501bdaf318117ddfd383f55da0f10f4defa700a6141cd0bfefe4437,IMF_CDIS_reporter_positions_by_immediate_counterpart,False,False,False,9.004848705025147
2021,Vietnam,VNM,china_inward_fdi_usd_millions,115.837076,2021_inward.xlsx,data/raw/fdi/2021_inward.xlsx,3b2fd6d4e501bdaf318117ddfd383f55da0f10f4defa700a6141cd0bfefe4437,IMF_CDIS_reporter_positions_by_immediate_counterpart,False,False,False,4.7607804515302545
2021,Singapore,SGP,china_inward_fdi_usd_millions,168906.94048728,2021_inward.xlsx,data/raw/fdi/2021_inward.xlsx,3b2fd6d4e501bdaf318117ddfd383f55da0f10f4defa700a6141cd0bfefe4437,IMF_CDIS_reporter_positions_by_immediate_counterpart,False,False,True,12.037109114640966
2021,Thailand,THA,china_inward_fdi_usd_millions,4328.81349312,2021_inward.xlsx,data/raw/fdi/2021_inward.xlsx,3b2fd6d4e501bdaf318117ddfd383f55da0f10f4defa700a6141cd0bfefe4437,IMF_CDIS_reporter_positions_by_immediate_counterpart,False,False,False,8.37327974688641
2021,India,IND,china_inward_fdi_usd_millions,621.68559539,2021_inward.xlsx,data/raw/fdi/2021_inward.xlsx,3b2fd6d4e501bdaf318117ddfd383f55da0f10f4defa700a6141cd0bfefe4437,IMF_CDIS_reporter_positions_by_immediate_counterpart,False,False,False,6.434041729107233
2021,Indonesia,IDN,china_inward_fdi_usd_millions,932.16950062,2021_inward.xlsx,data/raw/fdi/2021_inward.xlsx,3b2fd6d4e501bdaf318117ddfd383f55da0f10f4defa700a6141cd0bfefe4437,IMF_CDIS_reporter_positions_by_immediate_counterpart,False,False,False,6.838586857037106
2021,Philippines,PHL,china_inward_fdi_usd_millions,1884.6505953,2021_inward.xlsx,data/raw/fdi/2021_inward.xlsx,3b2fd6d4e501bdaf318117ddfd383f55da0f10f4defa700a6141cd0bfefe4437,IMF_CDIS_reporter_positions_by_immediate_counterpart,False,False,False,7.542028183729056
2021,Japan,JPN,china_inward_fdi_usd_millions,211807.7519945,2021_inward.xlsx,data/raw/fdi/2021_inward.xlsx,3b2fd6d4e501bdaf318117ddfd383f55da0f10f4defa700a6141cd0bfefe4437,IMF_CDIS_reporter_positions_by_immediate_counterpart,False,False,True,12.263439033271634
2021,South Korea,KOR,china_inward_fdi_usd_millions,,2021_inward.xlsx,data/raw/fdi/2021_inward.xlsx,3b2fd6d4e501bdaf318117ddfd383f55da0f10f4defa700a6141cd0bfefe4437,IMF_CDIS_reporter_positions_by_immediate_counterpart,True,False,False,
2021,Mexico,MEX,china_inward_fdi_usd_millions,105.24145728,2021_inward.xlsx,data/raw/fdi/2021_inward.xlsx,3b2fd6d4e501bdaf318117ddfd383f55da0f10f4defa700a6141cd0bfefe4437,IMF_CDIS_reporter_positions_by_immediate_counterpart,False,False,False,4.665714402501519
2021,Germany,DEU,china_inward_fdi_usd_millions,97180.08801072,2021_inward.xlsx,data/raw/fdi/2021_inward.xlsx,3b2fd6d4e501bdaf318117ddfd383f55da0f10f4defa700a6141cd0bfefe4437,IMF_CDIS_reporter_positions_by_immediate_counterpart,False,False,True,11.484331403726816
2021,Netherlands,NLD,china_inward_fdi_usd_millions,,2021_inward.xlsx,data/raw/fdi/2021_inward.xlsx,3b2fd6d4e501bdaf318117ddfd383f55da0f10f4defa700a6141cd0bfefe4437,IMF_CDIS_reporter_positions_by_immediate_counterpart,True,False,False,
2021,Malaysia,MYS,china_outward_fdi_usd_millions,3026.10179182471,2021_outward.xlsx,data/raw/fdi/2021_outward.xlsx,d5d48eff19e458ed0e84f7a527a647aa8032d33433dfadfa5d7cfa3e30faffd9,IMF_CDIS_reporter_positions_by_immediate_counterpart,False,False,False,8.015360936412938
2021,Vietnam,VNM,china_outward_fdi_usd_millions,,2021_outward.xlsx,data/raw/fdi/2021_outward.xlsx,d5d48eff19e458ed0e84f7a527a647aa8032d33433dfadfa5d7cfa3e30faffd9,IMF_CDIS_reporter_positions_by_immediate_counterpart,True,False,False,
2021,Singapore,SGP,china_outward_fdi_usd_millions,,2021_outward.xlsx,data/raw/fdi/2021_outward.xlsx,d5d48eff19e458ed0e84f7a527a647aa8032d33433dfadfa5d7cfa3e30faffd9,IMF_CDIS_reporter_positions_by_immediate_counterpart,True,False,False,
2021,Thailand,THA,china_outward_fdi_usd_millions,4432.65721851406,2021_outward.xlsx,data/raw/fdi/2021_outward.xlsx,d5d48eff19e458ed0e84f7a527a647aa8032d33433dfadfa5d7cfa3e30faffd9,IMF_CDIS_reporter_positions_by_immediate_counterpart,False,False,False,8.3969800796809
2021,India,IND,china_outward_fdi_usd_millions,343.595437569395,2021_outward.xlsx,data/raw/fdi/2021_outward.xlsx,d5d48eff19e458ed0e84f7a527a647aa8032d33433dfadfa5d7cfa3e30faffd9,IMF_CDIS_reporter_positions_by_immediate_counterpart,False,False,False,5.8423710842191685
2021,Indonesia,IDN,china_outward_fdi_usd_millions,18539.2488233596,2021_outward.xlsx,data/raw/fdi/2021_outward.xlsx,d5d48eff19e458ed0e84f7a527a647aa8032d33433dfadfa5d7cfa3e30faffd9,IMF_CDIS_reporter_positions_by_immediate_counterpart,False,False,True,9.82769925992297
2021,Philippines,PHL,china_outward_fdi_usd_millions,742.188334620081,2021_outward.xlsx,data/raw/fdi/2021_outward.xlsx,d5d48eff19e458ed0e84f7a527a647aa8032d33433dfadfa5d7cfa3e30faffd9,IMF_CDIS_reporter_positions_by_immediate_counterpart,False,False,False,6.610949491224776
2021,Japan,JPN,china_outward_fdi_usd_millions,143045.273469696,2021_outward.xlsx,data/raw/fdi/2021_outward.xlsx,d5d48eff19e458ed0e84f7a527a647aa8032d33433dfadfa5d7cfa3e30faffd9,IMF_CDIS_reporter_positions_by_immediate_counterpart,False,False,True,11.870923447595041
2021,South Korea,KOR,china_outward_fdi_usd_millions,,2021_outward.xlsx,data/raw/fdi/2021_outward.xlsx,d5d48eff19e458ed0e84f7a527a647aa8032d33433dfadfa5d7cfa3e30faffd9,IMF_CDIS_reporter_positions_by_immediate_counterpart,True,False,False,
2021,Mexico,MEX,china_outward_fdi_usd_millions,32.553,2021_outward.xlsx,data/raw/fdi/2021_outward.xlsx,d5d48eff19e458ed0e84f7a527a647aa8032d33433dfadfa5d7cfa3e30faffd9,IMF_CDIS_reporter_positions_by_immediate_counterpart,False,False,False,3.5131262781980133
2021,Germany,DEU,china_outward_fdi_usd_millions,107666.0886,2021_outward.xlsx,data/raw/fdi/2021_outward.xlsx,d5d48eff19e458ed0e84f7a527a647aa8032d33433dfadfa5d7cfa3e30faffd9,IMF_CDIS_reporter_positions_by_immediate_counterpart,False,False,True,11.586799232414455
2021,Netherlands,NLD,china_outward_fdi_usd_millions,,2021_outward.xlsx,data/raw/fdi/2021_outward.xlsx,d5d48eff19e458ed0e84f7a527a647aa8032d33433dfadfa5d7cfa3e30faffd9,IMF_CDIS_reporter_positions_by_immediate_counterpart,True,False,False,
