country,iso3,target_year,window_year,country_ideal_point,china_ideal_point,us_ideal_point,distance_to_china,distance_to_us
Malaysia,MYS,2017,2016,-0.3974353,-0.8890403,2.575809,0.491605,2.9732443
Malaysia,MYS,2017,2017,-0.6890801,-0.2069984,2.697276,0.48208169999999995,3.3863561
Malaysia,MYS,2017,2018,-0.6174784,-0.7937099,2.585378,0.17623149999999999,3.2028564
Malaysia,MYS,2022,2021,-0.5613298,-0.9829761,2.453945,0.42164630000000003,3.0152748000000003
Malaysia,MYS,2022,2022,-0.6012268,-1.407901,2.114955,0.8066742000000001,2.7161818
Malaysia,MYS,2022,2023,-0.4769948,-1.203236,1.986836,0.7262412,2.4638308
Vietnam,VNM,2017,2016,-0.7167453,-0.8890403,2.575809,0.17229499999999998,3.2925543
Vietnam,VNM,2017,2017,-1.002023,-0.2069984,2.697276,0.7950246000000001,3.699299
Vietnam,VNM,2017,2018,-0.8691243,-0.7937099,2.585378,0.07541439999999999,3.4545022999999997
Vietnam,VNM,2022,2021,-0.7430539,-0.9829761,2.453945,0.23992219999999997,3.1969989
Vietnam,VNM,2022,2022,-0.763444,-1.407901,2.114955,0.6444570000000001,2.878399
Vietnam,VNM,2022,2023,-0.554466,-1.203236,1.986836,0.64877,2.541302
Singapore,SGP,2017,2016,-0.4747864,-0.8890403,2.575809,0.4142539,3.0505954
Singapore,SGP,2017,2017,-0.639521,-0.2069984,2.697276,0.4325226,3.336797
Singapore,SGP,2017,2018,-0.3648738,-0.7937099,2.585378,0.42883609999999994,2.9502518
Singapore,SGP,2022,2021,-0.3767302,-0.9829761,2.453945,0.6062459,2.8306752
Singapore,SGP,2022,2022,-0.2019073,-1.407901,2.114955,1.2059937,2.3168623000000004
Singapore,SGP,2022,2023,-0.1271573,-1.203236,1.986836,1.0760787,2.1139933
Thailand,THA,2017,2016,-0.2485682,-0.8890403,2.575809,0.6404721,2.8243772
Thailand,THA,2017,2017,-0.5600308,-0.2069984,2.697276,0.3530324,3.2573068000000003
Thailand,THA,2017,2018,-0.4281767,-0.7937099,2.585378,0.36553319999999995,3.0135547
Thailand,THA,2022,2021,-0.4112513,-0.9829761,2.453945,0.5717248,2.8651963
Thailand,THA,2022,2022,-0.4235603,-1.407901,2.114955,0.9843407000000001,2.5385153000000003
Thailand,THA,2022,2023,-0.3632408,-1.203236,1.986836,0.8399951999999999,2.3500768
India,IND,2017,2016,-0.7631573,-0.8890403,2.575809,0.12588299999999997,3.3389663
India,IND,2017,2017,-0.05465279,-0.2069984,2.697276,0.15234561,2.75192879
India,IND,2017,2018,-0.3792424,-0.7937099,2.585378,0.4144675,2.9646204
India,IND,2022,2021,-0.2804076,-0.9829761,2.453945,0.7025685,2.7343526000000002
India,IND,2022,2022,-0.3927627,-1.407901,2.114955,1.0151383,2.5077177
India,IND,2022,2023,-0.5691242,-1.203236,1.986836,0.6341118,2.5559602
Indonesia,IDN,2017,2016,-0.8665864,-0.8890403,2.575809,0.022453900000000027,3.4423954
Indonesia,IDN,2017,2017,-0.8217497,-0.2069984,2.697276,0.6147513,3.5190257000000003
Indonesia,IDN,2017,2018,-0.8462949,-0.7937099,2.585378,0.05258499999999999,3.4316728999999997
Indonesia,IDN,2022,2021,-0.726761,-0.9829761,2.453945,0.25621510000000003,3.180706
Indonesia,IDN,2022,2022,-0.8160216,-1.407901,2.114955,0.5918794,2.9309766
Indonesia,IDN,2022,2023,-0.6169129,-1.203236,1.986836,0.5863231,2.6037489000000003
Philippines,PHL,2017,2016,-0.4280501,-0.8890403,2.575809,0.4609902,3.0038591
Philippines,PHL,2017,2017,-0.6277475,-0.2069984,2.697276,0.4207491,3.3250235
Philippines,PHL,2017,2018,-0.4630994,-0.7937099,2.585378,0.3306105,3.0484774
Philippines,PHL,2022,2021,-0.4009865,-0.9829761,2.453945,0.5819896,2.8549315
Philippines,PHL,2022,2022,-0.2790535,-1.407901,2.114955,1.1288475,2.3940085
Philippines,PHL,2022,2023,-0.3327242,-1.203236,1.986836,0.8705118,2.3195602
Japan,JPN,2017,2016,0.7828829,-0.8890403,2.575809,1.6719232000000002,1.7929260999999999
Japan,JPN,2017,2017,0.6877032,-0.2069984,2.697276,0.8947016,2.0095728
Japan,JPN,2017,2018,0.8474996,-0.7937099,2.585378,1.6412095,1.7378784
Japan,JPN,2022,2021,0.8201377,-0.9829761,2.453945,1.8031138,1.6338073
Japan,JPN,2022,2022,0.9293972,-1.407901,2.114955,2.3372982,1.1855578000000002
Japan,JPN,2022,2023,0.7815366,-1.203236,1.986836,1.9847725999999999,1.2052994
South Korea,KOR,2017,2016,1.009768,-0.8890403,2.575809,1.8988083,1.566041
South Korea,KOR,2017,2017,1.074459,-0.2069984,2.697276,1.2814574,1.622817
South Korea,KOR,2017,2018,0.9252017,-0.7937099,2.585378,1.7189116,1.6601762999999998
South Korea,KOR,2022,2021,0.9494652,-0.9829761,2.453945,1.9324413,1.5044798
South Korea,KOR,2022,2022,0.9758253,-1.407901,2.114955,2.3837263,1.1391297000000002
South Korea,KOR,2022,2023,0.9067143,-1.203236,1.986836,2.1099503,1.0801217
Mexico,MEX,2017,2016,-0.03674061,-0.8890403,2.575809,0.85229969,2.61254961
Mexico,MEX,2017,2017,0.04237765,-0.2069984,2.697276,0.24937605000000002,2.65489835
Mexico,MEX,2017,2018,0.1332784,-0.7937099,2.585378,0.9269883,2.4520996
Mexico,MEX,2022,2021,-0.02663519,-0.9829761,2.453945,0.95634091,2.48058019
Mexico,MEX,2022,2022,0.0280275,-1.407901,2.114955,1.4359285000000002,2.0869275000000003
Mexico,MEX,2022,2023,-0.09683582,-1.203236,1.986836,1.10640018,2.08367182
Germany,DEU,2017,2016,1.27663,-0.8890403,2.575809,2.1656703,1.299179
Germany,DEU,2017,2017,1.350315,-0.2069984,2.697276,1.5573134,1.346961
Germany,DEU,2017,2018,1.304473,-0.7937099,2.585378,2.0981829,1.280905
Germany,DEU,2022,2021,1.334606,-0.9829761,2.453945,2.3175821,1.119339
Germany,DEU,2022,2022,1.414408,-1.407901,2.114955,2.822309,0.700547
Germany,DEU,2022,2023,1.184797,-1.203236,1.986836,2.388033,0.802039
Netherlands,NLD,2017,2016,1.110434,-0.8890403,2.575809,1.9994743,1.465375
Netherlands,NLD,2017,2017,1.128921,-0.2069984,2.697276,1.3359194,1.568355
Netherlands,NLD,2017,2018,1.120754,-0.7937099,2.585378,1.9144638999999999,1.464624
Netherlands,NLD,2022,2021,1.233001,-0.9829761,2.453945,2.2159771,1.220944
Netherlands,NLD,2022,2022,1.276617,-1.407901,2.114955,2.6845179999999997,0.8383380000000002
Netherlands,NLD,2022,2023,1.08982,-1.203236,1.986836,2.293056,0.897016
