fetched_at_utc,document_number,api_url,detail_status,detail_path,detail_sha256,raw_text_url,raw_text_status,raw_text_path,raw_text_sha256,raw_text_bytes,source_flag,error
2026-09-14T02:44:55+00:00,2016-31969,https://www.federalregister.gov/api/v1/documents/2016-31969.json,downloaded,data/raw/bis/documents/2016-31969.json,3557fd978b8748594a967602934f776f80e1637708b4f5097cf1659077b97731,https://www.federalregister.gov/documents/full_text/text/2017/01/04/2016-31969.txt,downloaded,data/raw/bis/documents/2016-31969.txt,d9382e1a39304b42bae0e11d42b86a5cacd1104e8bbda46d7143b6e81f655f27,21521,Federal_Register_official_API_and_full_text,
2026-09-14T02:44:56+00:00,2016-31833,https://www.federalregister.gov/api/v1/documents/2016-31833.json,downloaded,data/raw/bis/documents/2016-31833.json,5c9f48715f7497f13ae64fa508c4e4bfaf77ccfabc3b5177c6e5069b0d12f52a,https://www.federalregister.gov/documents/full_text/text/2017/01/10/2016-31833.txt,downloaded,data/raw/bis/documents/2016-31833.txt,1f25510ab8325ba6772df684ea33f6505aea0404d0d97cbdb964f7f581df4714,38739,Federal_Register_official_API_and_full_text,
2026-09-14T02:44:57+00:00,2017-03664,https://www.federalregister.gov/api/v1/documents/2017-03664.json,downloaded,data/raw/bis/documents/2017-03664.json,6c691ba8d060c661d29978e926bef3ee889a0445b87ae9d0cb8d21935e4547ae,https://www.federalregister.gov/documents/full_text/text/2017/02/24/2017-03664.txt,downloaded,data/raw/bis/documents/2017-03664.txt,b234cb2e0b7e4a17fe05bdecde17942b153e4dcfc43c8e0b08d8d1815b6406cf,9947,Federal_Register_official_API_and_full_text,
2026-09-14T02:44:58+00:00,2017-06227,https://www.federalregister.gov/api/v1/documents/2017-06227.json,downloaded,data/raw/bis/documents/2017-06227.json,291c85241441deef13c9f90770c9604d3b28bb6431fcf14aae0b8c6cf1424cd8,https://www.federalregister.gov/documents/full_text/text/2017/03/29/2017-06227.txt,downloaded,data/raw/bis/documents/2017-06227.txt,7513858191d4c93532cf6d5eb6fc9e8893f5df30dd99a3c3b3f9566a1fc1b1a6,23511,Federal_Register_official_API_and_full_text,
2026-09-14T02:44:58+00:00,2017-06228,https://www.federalregister.gov/api/v1/documents/2017-06228.json,downloaded,data/raw/bis/documents/2017-06228.json,46259e67317c2fea2a2a96da5c2e7f9158d9dafb85393428d28ae5a2abf09515,https://www.federalregister.gov/documents/full_text/text/2017/03/29/2017-06228.txt,downloaded,data/raw/bis/documents/2017-06228.txt,80159db750dcb8c8271256f2a65303ba93d7775ab70803744b7ad65eeb9ab6f4,19037,Federal_Register_official_API_and_full_text,
2026-09-14T02:44:59+00:00,2017-07833,https://www.federalregister.gov/api/v1/documents/2017-07833.json,downloaded,data/raw/bis/documents/2017-07833.json,737fcc75d48c4a905991501eb59282f3ed8b35e5fdb6bfdc7f50a810232e1add,https://www.federalregister.gov/documents/full_text/text/2017/04/18/2017-07833.txt,downloaded,data/raw/bis/documents/2017-07833.txt,507f8e99ef157d40e4893553f18ef43bd1071882109e793bb669b039011d02a9,16644,Federal_Register_official_API_and_full_text,
2026-09-14T02:45:00+00:00,2017-10804,https://www.federalregister.gov/api/v1/documents/2017-10804.json,downloaded,data/raw/bis/documents/2017-10804.json,2e8917256fc15df6be0ab799f3484adb72812fcc4d2578a02e27cf9c91d8b3d9,https://www.federalregister.gov/documents/full_text/text/2017/05/26/2017-10804.txt,downloaded,data/raw/bis/documents/2017-10804.txt,6cc7cc13327c0c5bc7bdaac898803b3fa712d24c820fa5523003cbc79b8ccec2,34212,Federal_Register_official_API_and_full_text,
2026-09-14T02:45:01+00:00,2017-13167,https://www.federalregister.gov/api/v1/documents/2017-13167.json,downloaded,data/raw/bis/documents/2017-13167.json,8a85b0a662fdb522b9f0367b187ee3bee480a3513d1357a33ba73133c17e2ee6,https://www.federalregister.gov/documents/full_text/text/2017/06/22/2017-13167.txt,downloaded,data/raw/bis/documents/2017-13167.txt,5fc740efabfbb18f5e6f7bd10eb39ac38b275ce9848c59ab5f11d979c622bb3e,32067,Federal_Register_official_API_and_full_text,
2026-09-14T02:45:02+00:00,2017-20406,https://www.federalregister.gov/api/v1/documents/2017-20406.json,downloaded,data/raw/bis/documents/2017-20406.json,1b6b55d64c46751b4b2d9b491b6ace1d2060a911f2019b7778cf6f7b46970c3c,https://www.federalregister.gov/documents/full_text/text/2017/09/25/2017-20406.txt,downloaded,data/raw/bis/documents/2017-20406.txt,86a3c84c8cd52a0c6b45adca405ab5a3e7f833e9e116a912580aa5036c6c10e4,24167,Federal_Register_official_API_and_full_text,
2026-09-14T02:45:03+00:00,2017-27388,https://www.federalregister.gov/api/v1/documents/2017-27388.json,downloaded,data/raw/bis/documents/2017-27388.json,8095b6ae92c63a25b2a7208a792954c409511d35cdcd5185c5183454178d280a,https://www.federalregister.gov/documents/full_text/text/2017/12/20/2017-27388.txt,downloaded,data/raw/bis/documents/2017-27388.txt,f3439322a38a11533686f58a0bbbc5e0f4f6322a887a444b2cf1dbc40cc0c927,16258,Federal_Register_official_API_and_full_text,
2026-09-14T02:45:04+00:00,2022-03029,https://www.federalregister.gov/api/v1/documents/2022-03029.json,downloaded,data/raw/bis/documents/2022-03029.json,94cef4a5c2f1282900d06ab7d17a5026aa848dd18dc2798622470b241e9088e6,https://www.federalregister.gov/documents/full_text/text/2022/02/14/2022-03029.txt,downloaded,data/raw/bis/documents/2022-03029.txt,136d71a732d6e4949b1ef7afc6c4390fde7a4a511a659f69ca502a30fb0e803e,35222,Federal_Register_official_API_and_full_text,
2026-09-14T02:45:05+00:00,2022-04300,https://www.federalregister.gov/api/v1/documents/2022-04300.json,downloaded,data/raw/bis/documents/2022-04300.json,0974e27bb754883bf9fd686198e6aedab13c39f2836879ee212d4adf9085bb63,https://www.federalregister.gov/documents/full_text/text/2022/03/03/2022-04300.txt,downloaded,data/raw/bis/documents/2022-04300.txt,45d3033c05ad860fa66b434b99ef7391d4289364c4a1e7865f4af72f42e6f688,194041,Federal_Register_official_API_and_full_text,
2026-09-14T02:45:06+00:00,2022-04819,https://www.federalregister.gov/api/v1/documents/2022-04819.json,downloaded,data/raw/bis/documents/2022-04819.json,427521fda87a076cbf439ecd9358c622869311cf8f1e7f90577d1b5c2cd930c9,https://www.federalregister.gov/documents/full_text/text/2022/03/08/2022-04819.txt,downloaded,data/raw/bis/documents/2022-04819.txt,57c4be8a81a0f3752a6115286a6e05d162b93a631aa4e1209c03feea55bdebde,122834,Federal_Register_official_API_and_full_text,
2026-09-14T02:45:07+00:00,2022-04925,https://www.federalregister.gov/api/v1/documents/2022-04925.json,downloaded,data/raw/bis/documents/2022-04925.json,4c3728e3c09350a66b986f28cffb6e56f7803351e707cc68819f4fdffdaf7930,https://www.federalregister.gov/documents/full_text/text/2022/03/09/2022-04925.txt,downloaded,data/raw/bis/documents/2022-04925.txt,0723d74f1cc86f5557f8a67833ebe1f72fe34b2f2c12f25132eed16dcad3d5c4,94527,Federal_Register_official_API_and_full_text,
2026-09-14T02:45:08+00:00,2022-07211,https://www.federalregister.gov/api/v1/documents/2022-07211.json,downloaded,data/raw/bis/documents/2022-07211.json,86aa8d6f3fbed4a368d36da8f399487e9985d949ba973bb974bc5717cc705f3b,https://www.federalregister.gov/documents/full_text/text/2022/04/06/2022-07211.txt,downloaded,data/raw/bis/documents/2022-07211.txt,e572f467ca8a94ca6eceed94260f369498dbfb74a8b5cdc95c3d26abb07bbb6e,11481,Federal_Register_official_API_and_full_text,
2026-09-14T02:45:09+00:00,2022-07284,https://www.federalregister.gov/api/v1/documents/2022-07284.json,downloaded,data/raw/bis/documents/2022-07284.json,f37fcbb751c07f64676dc7d8c62d211e0b898605e3aaf31d6977fae37c8dabac,https://www.federalregister.gov/documents/full_text/text/2022/04/07/2022-07284.txt,downloaded,data/raw/bis/documents/2022-07284.txt,38e17e5f1f53cabdd3ef2fe3f4f044e2636a118ef44e35129dc0a13fbcd87b3c,123157,Federal_Register_official_API_and_full_text,
2026-09-14T02:45:09+00:00,2022-07643,https://www.federalregister.gov/api/v1/documents/2022-07643.json,downloaded,data/raw/bis/documents/2022-07643.json,ccf37fd9ab58bbfd23937196635dcc259bceeb5bdb59db6ef36af713051fbce5,https://www.federalregister.gov/documents/full_text/text/2022/04/11/2022-07643.txt,downloaded,data/raw/bis/documents/2022-07643.txt,1fe7f8cc51a7a64f459bed316d6da4d210cdceb033df952e53f35f57def416dd,23922,Federal_Register_official_API_and_full_text,
2026-09-14T02:45:10+00:00,2022-11885,https://www.federalregister.gov/api/v1/documents/2022-11885.json,downloaded,data/raw/bis/documents/2022-11885.json,0182c29e1c99866eabb6053f90717d868b758796a56c4c265f125b974c8694b4,https://www.federalregister.gov/documents/full_text/text/2022/06/06/2022-11885.txt,downloaded,data/raw/bis/documents/2022-11885.txt,e6114d39fe4c3075901937f619840dd3f8a6fb4b1326f6239d53b89b179501b3,231916,Federal_Register_official_API_and_full_text,
2026-09-14T02:45:11+00:00,2022-12144,https://www.federalregister.gov/api/v1/documents/2022-12144.json,downloaded,data/raw/bis/documents/2022-12144.json,df05c2690563bac3dcce3e053e189eaeda773c680b61e88fc875d22d82241cc4,https://www.federalregister.gov/documents/full_text/text/2022/06/06/2022-12144.txt,downloaded,data/raw/bis/documents/2022-12144.txt,f18482ab7b1d4cf8ebcb8aa6aa773d86d7749b057f4f4c9f147570cfd25bd029,121475,Federal_Register_official_API_and_full_text,
2026-09-14T02:45:12+00:00,2022-14069,https://www.federalregister.gov/api/v1/documents/2022-14069.json,downloaded,data/raw/bis/documents/2022-14069.json,742db36fbf52ed001781db5446e95365df00dda3873dd80573233331b2f67759,https://www.federalregister.gov/documents/full_text/text/2022/06/30/2022-14069.txt,downloaded,data/raw/bis/documents/2022-14069.txt,0fa6c3a438e57450f2bd3082ae76d71414762f5b4201877cb700ef60600fcec2,98345,Federal_Register_official_API_and_full_text,
2026-09-14T02:45:12+00:00,2022-17125,https://www.federalregister.gov/api/v1/documents/2022-17125.json,downloaded,data/raw/bis/documents/2022-17125.json,31ed7c80c892538ad952e5b02401b302f8a55b4c8dcb1e21cc7b855794c35d96,https://www.federalregister.gov/documents/full_text/text/2022/08/15/2022-17125.txt,downloaded,data/raw/bis/documents/2022-17125.txt,9c413f5b7a09dc67b5b49b6fe4bee81c05b6dd96b35c49c2cc118eff2e0ce722,49850,Federal_Register_official_API_and_full_text,
2026-09-14T02:45:13+00:00,2022-18268,https://www.federalregister.gov/api/v1/documents/2022-18268.json,downloaded,data/raw/bis/documents/2022-18268.json,062e04da012fa567fef69a781319f509333793b9417a0060521e9063f576b9cf,https://www.federalregister.gov/documents/full_text/text/2022/08/24/2022-18268.txt,downloaded,data/raw/bis/documents/2022-18268.txt,e4a745301e933155209bce0e556e48344f97f50e73092f95376b3dcc7d2f98be,22854,Federal_Register_official_API_and_full_text,
2026-09-14T02:45:14+00:00,2022-19415,https://www.federalregister.gov/api/v1/documents/2022-19415.json,downloaded,data/raw/bis/documents/2022-19415.json,0385f5f292a55616484c85d52b79599d0698c389e1601bf773e46eb51dbe1e8b,https://www.federalregister.gov/documents/full_text/text/2022/09/09/2022-19415.txt,downloaded,data/raw/bis/documents/2022-19415.txt,35fafcd561282f326cd3533945372b8b7201c2dbb779b14a5a530efc17bf6409,232736,Federal_Register_official_API_and_full_text,
2026-09-14T02:45:15+00:00,2022-19910,https://www.federalregister.gov/api/v1/documents/2022-19910.json,downloaded,data/raw/bis/documents/2022-19910.json,d7dcd1c815a4e544dd9a16e85c99a28c4bd98e30db83cb8e638926ec3ccbe8cb,https://www.federalregister.gov/documents/full_text/text/2022/09/16/2022-19910.txt,downloaded,data/raw/bis/documents/2022-19910.txt,1c295fd015c1f5410b20ee70f6262c9177d30c51fe8917d3c45edf583dd484e5,331017,Federal_Register_official_API_and_full_text,
2026-09-14T02:45:16+00:00,2022-21520,https://www.federalregister.gov/api/v1/documents/2022-21520.json,downloaded,data/raw/bis/documents/2022-21520.json,5bebb66c998e98e88487fb2a5f4591492dce297dd24fc6d190842dd2e7c4f7c7,https://www.federalregister.gov/documents/full_text/text/2022/10/04/2022-21520.txt,downloaded,data/raw/bis/documents/2022-21520.txt,b6309b4e0fa02e646d796c1d62f7fa721978ce7750f7c8a90a68055d73bbf146,105274,Federal_Register_official_API_and_full_text,
2026-09-14T02:45:17+00:00,2022-21658,https://www.federalregister.gov/api/v1/documents/2022-21658.json,downloaded,data/raw/bis/documents/2022-21658.json,660b49d41dfcf201645d1bf1b9b842c0b6db50ff7c16f0b705564e8af23bbb49,https://www.federalregister.gov/documents/full_text/text/2022/10/13/2022-21658.txt,downloaded,data/raw/bis/documents/2022-21658.txt,c5299886c7000d17e6e5f4ef394fde2123050836355b534548c8ed6270baf1ba,222790,Federal_Register_official_API_and_full_text,
2026-09-14T02:45:17+00:00,2022-21714,https://www.federalregister.gov/api/v1/documents/2022-21714.json,downloaded,data/raw/bis/documents/2022-21714.json,df760e770f18a7fc1c614161e7ed408466e79912eb17caa60c1be70af08f6981,https://www.federalregister.gov/documents/full_text/text/2022/10/13/2022-21714.txt,downloaded,data/raw/bis/documents/2022-21714.txt,f6a4241237f570c08ccf69cc63ca1f218ae7ce21a8431504359bec3ae684bd91,44874,Federal_Register_official_API_and_full_text,
2026-09-14T02:45:18+00:00,2022-22037,https://www.federalregister.gov/api/v1/documents/2022-22037.json,downloaded,data/raw/bis/documents/2022-22037.json,c0081549679308cc46190f5f22aaa17eb80e1b24c42af4dad7ea65e6cb7fb0a9,https://www.federalregister.gov/documents/full_text/text/2022/10/13/2022-22037.txt,downloaded,data/raw/bis/documents/2022-22037.txt,39570f2657b591e523c22df0ae5fe1bcd3f8d5400bea6f6108526fdabec227ce,8333,Federal_Register_official_API_and_full_text,
2026-09-14T02:45:19+00:00,2022-25700,https://www.federalregister.gov/api/v1/documents/2022-25700.json,downloaded,data/raw/bis/documents/2022-25700.json,c2df2a12cc7637c463e2667980396760a232f7cafd31d4b5c69ec6741138ce9b,https://www.federalregister.gov/documents/full_text/text/2022/11/25/2022-25700.txt,downloaded,data/raw/bis/documents/2022-25700.txt,a4715ba1523dea36f5f2e247bce03bdc4e4e05b47c8e296ea833650911eca175,5979,Federal_Register_official_API_and_full_text,
2026-09-14T02:45:20+00:00,2022-26662,https://www.federalregister.gov/api/v1/documents/2022-26662.json,downloaded,data/raw/bis/documents/2022-26662.json,f8cf326c330b25b42c6fa7c9d6e29119e490b388f64315d2251bd0c057945a17,https://www.federalregister.gov/documents/full_text/text/2022/12/07/2022-26662.txt,downloaded,data/raw/bis/documents/2022-26662.txt,ecca727a9b1f58a6dcca653ef1af97508ea7423871a4b41bcd12c9ee613ecee3,7023,Federal_Register_official_API_and_full_text,
2026-09-14T02:45:21+00:00,2022-26622,https://www.federalregister.gov/api/v1/documents/2022-26622.json,downloaded,data/raw/bis/documents/2022-26622.json,8ec1cff5aed8d90a4a7dc2f50a476bb73197ad1ccfac1d7b9b27cec8a11fa98c,https://www.federalregister.gov/documents/full_text/text/2022/12/08/2022-26622.txt,downloaded,data/raw/bis/documents/2022-26622.txt,cb0c8d33c49e866070ec87932118464c3eb7c1422e2581ca59f3fcb5111cb784,43352,Federal_Register_official_API_and_full_text,
2026-09-14T02:45:21+00:00,2022-27149,https://www.federalregister.gov/api/v1/documents/2022-27149.json,downloaded,data/raw/bis/documents/2022-27149.json,f54b1507dc467dde73f9db7909bf3f56a793870594423bb72ed6215cca478120,https://www.federalregister.gov/documents/full_text/text/2022/12/16/2022-27149.txt,downloaded,data/raw/bis/documents/2022-27149.txt,0ab9c65c07f137d91c7b398c61e8ff1348802231bafc1ba7b9a6780ff68c40fa,25088,Federal_Register_official_API_and_full_text,
2026-09-14T02:45:22+00:00,2022-27151,https://www.federalregister.gov/api/v1/documents/2022-27151.json,downloaded,data/raw/bis/documents/2022-27151.json,64f7771c708ece801f2d9a7b596a4999f8cbf646d132241e196f53ff11565962,https://www.federalregister.gov/documents/full_text/text/2022/12/19/2022-27151.txt,downloaded,data/raw/bis/documents/2022-27151.txt,d5950c7853d4daa228870db2d377eb1b3fd308c793bf543b7c161c32798e4703,92731,Federal_Register_official_API_and_full_text,
2026-09-14T02:45:23+00:00,2022-28033,https://www.federalregister.gov/api/v1/documents/2022-28033.json,downloaded,data/raw/bis/documents/2022-28033.json,d44f3187b8d446653e12143b71b241ba1c2bf036b71f73b935185ffa8cc0793c,https://www.federalregister.gov/documents/full_text/text/2022/12/23/2022-28033.txt,downloaded,data/raw/bis/documents/2022-28033.txt,84ec51dd6c90118a98009b7e1e245d181860044ce667b9977d3b356b2c063afc,10996,Federal_Register_official_API_and_full_text,
